GROUP	N	SPEARMAN_EST	SPEARMAN_P	PEARSON_EST	PEARSON_CI95_LO	PEARSON_CI95_HI	PEARSON_P	PERC_25_HB	PERC_50_HB	PERC_75_HB	MEAN_HB	STD_HB	WHISK_LO_HB	WHISK_HI_HB	PERC_25_BF	PERC_50_BF	PERC_75_BF	MEAN_BF	STD_BF	WHISK_LO_BF	WHISK_HI_BF	PERC_25_DB	PERC_50_DB	PERC_75_DB	MEAN_DB	STD_DB	WHISK_LO_DB	WHISK_HI_DB
1	mesc4_Tsix_AF594	24	0.947588539579539	2.21461490922425e-12	0.912090616207528	0.804811825052303	0.961659689680181	5.53540314001617e-10	3.75	6.5	15.25	9.875	8.44064957318993	-13.5	32.5	4	6	11.75	8.08333333333333	6.04991316262988	-7.625	23.375	5	10	16.25	11.5833333333333	8.47459972976365	-11.875	33.125
2	mesc4_Xist_CY5	25	0.737154140200741	2.62960636661545e-05	0.999900043402363	0.999769465108364	0.999956661866561	4.74050004780058e-44	0	0	0	8.44	41.9921421220685	0	0	0	0	0	8.44	40.956358887642	0	0	0	0	0	6.84	32.9579024413468	0	0
3	mesc0_Xist_CY5	151	0.772328257302642	3.63883267591948e-31	0.983515652918769	0.97731965414254	0.988029226566643	1.42082235014542e-112	0	0	1	1.72185430463576	7.66129574802013	-1.5	2.5	0	0	1	2.18543046357616	7.8971758441525	-1.5	2.5	0	0	1	1.70860927152318	6.86011603786555	-1.5	2.5
4	mesc0_Tsix_TMR	151	0.890358506147076	8.81006253365551e-53	0.906754672278359	0.873545803307944	0.931560944976517	9.45562310939371e-58	2	4	7	5.72847682119205	5.49658533374365	-5.5	14.5	2	3	6	4.64900662251656	4.7961076933929	-4	12	2	3	6	4.70198675496689	4.63291801781808	-4	12
5	mescH_Xist_CY5	57	0.478442395416716	0.000166968702691911	0.552290917906219	0.340762036657483	0.710597143286708	8.42994644927973e-06	0	0	0	0.596491228070175	1.85991214388137	0	0	0	1	2	1.75438596491228	3.01354502771822	-3	5	0	0	1	0.701754385964912	1.82213485741218	-1.5	2.5
6	mescH_Tsix_TMR	57	0.728101380576218	1.38172424399581e-10	0.776994129568496	0.647523854529238	0.862866276965048	1.20104720666402e-12	3	5	8	5.7719298245614	3.17927183857545	-4.5	15.5	2	4	5	3.98245614035088	2.32602687054691	-2.5	9.5	3	4	6	4.57894736842105	2.86572957814194	-1.5	10.5
7	mesc1_Xist_CY5	94	0.840921211085052	2.87079034389343e-26	0.96184452464838	0.943006303494574	0.974537714643914	1.4111560539823e-53	0	0	1	3.26595744680851	8.85021782359347	-1.5	2.5	0	0	2	3.90425531914894	9.4653518119169	-3	5	0	0	1	3.09574468085106	8.40771426232522	-1.5	2.5
8	mesc1_Tsix_TMR	94	0.824640536623429	1.71930776719693e-24	0.908157610662958	0.864641768291509	0.938147753531154	1.47220953138816e-36	5	7	11	9.14893617021277	8.01068835296662	-4	20	2	4	8	5.29787234042553	4.94231191218151	-7	17	3	5	9	7.36170212765957	6.07099762192111	-6	18
9	mescHistD0_Xist_CY5	315	0.295491667408897	9.12205543127613e-08	0.2879515085778	0.183275563247024	0.386171128491949	1.98343729092075e-07	0	0	0	0.155555555555556	0.611403777310969	0	0	0	1	2	1.53968253968254	2.3797540205368	-3	5	0	0	0	0.257142857142857	0.723076029539768	0	0
10	mescHistD0_Tsix_TMR	315	0.544436239541289	1.04738851760068e-25	-0.0120717442125124	-0.122416381918762	0.0985676914703891	0.831008570601572	14	25	40.5	30.7460317460317	24.7029281213724	-25.75	80.25	2	3	6	29.1365079365079	75.9536216636021	-4	12	10	15	25	19.6603174603175	14.9966720266004	-12.5	47.5
11	mescHistD0_H3K36me3_AF488	315	0.617635800760096	1.61585967137108e-34	0.59204512613484	0.515247612482337	0.659410672180808	3.51367424772198e-31	4	8	14	9.72380952380952	7.6734656194763	-11	29	460	615	807	621.819047619048	302.641463925531	-60.5	1327.5	6	11	17.5	12.5746031746032	8.67550120165918	-11.25	34.75
12	mescHistD2_Xist_CY5	252	0.948070078791079	2.25570091425909e-126	0.90444760977461	0.879130982875725	0.924674102318776	1.76641590803025e-94	0	1	4	2.52380952380952	4.29715793358864	-6	10	0	1	3	2.23809523809524	3.73190950435062	-4.5	7.5	0	1	4	2.84126984126984	4.40917677297495	-6	10
13	mescHistD2_Tsix_TMR	252	0.334039579036256	5.53471982481395e-08	0.0730494264698236	-0.0509836472256838	0.194863258419165	0.247925554165913	12	21	40	29.8373015873016	28.7887157899234	-30	82	2	6	266	122.710317460317	151.612578360208	-394	662	8	14	25	18.7420634920635	16.5998408919299	-17.5	50.5
14	mescHistD2_H3K36me3_AF488	252	0.748698037888735	1.55140798370846e-46	0.710593732282644	0.643529246058548	0.766831073754276	4.7983490311318e-40	6.75	14	21	15.968253968254	12.7934473441366	-14.625	42.375	733.25	992.5	1269.5	1014.82936507937	400.428563557525	-71.125	2073.875	6.75	17	27	19.234126984127	15.5854138709765	-23.625	57.375
15	sctc_E1R1C1_0min	1619	0.911322086217732	0	0.903091057238385	0.893692801123574	0.911697188975489	0	0	0	1	0.609635577516986	2.756416234976	-1.5	2.5	0	0	1	0.599135268684373	1.94371332800611	-1.5	2.5	0	0	1	0.825200741198271	2.3599893949395	-1.5	2.5
16	sctc_E1R1C2_0min	1619	0.285610426980733	9.12530036130046e-32	0.0076711705459871	-0.0410615047910702	0.0563674348424133	0.757755546880172	0	0	1	0.737492279184682	1.95110729213501	-1.5	2.5	0	1	37.5	21.1852995676343	38.4337550745224	-56.25	93.75	0	0	0	0.360716491661519	0.977921147446984	0	0
17	sctc_E1R1C1_10min	539	0.988738651884848	0	0.982208883305533	0.978961069707256	0.984959137286853	0	2.5	15	32	20.7495361781076	21.046292902831	-41.75	76.25	2	13	25.5	16.4452690166976	15.7603530282857	-33.25	60.75	2.5	14	27.5	17.721706864564	17.0786642712297	-35	65
18	sctc_E1R1C2_10min	539	0.973972308520804	0	0.970991420618111	0.965731232986883	0.975454262116793	0	2	19	40	24.9888682745826	25.4613904517291	-55	97	1	13	26	16.1502782931354	15.8285908708219	-36.5	63.5	1	15	29	18.0593692022263	18.0210585296958	-41	71
19	sctc_E1R1C1_15min	556	0.961501825065789	5.76725310675105e-313	0.950985505201615	0.942351004365345	0.958354483626398	1.48592742338261e-284	6	15	29	19.3237410071942	17.207777762663	-28.5	63.5	6	13	24	16.5035971223022	14.7962128588813	-21	51	5.75	13.5	23	15.7338129496403	13.4568114181379	-20.125	48.875
20	sctc_E1R1C2_15min	556	0.967568776398682	0	0.958203606059806	0.950808601155552	0.964507136761291	2.80890189292432e-303	6	16	29	18.7122302158273	15.9257260761703	-28.5	63.5	5	12	19.25	13.589928057554	10.8124472479782	-16.375	40.625	4	12	20	13.2571942446043	11.007795863442	-20	44
21	sctc_E1R1C1_1min	702	0.899336730940698	1.09828863298704e-253	0.87117310535941	0.852106424630079	0.887930416800771	1.91034557292898e-218	0	0	1	0.472934472934473	0.852106356325534	-1.5	2.5	0	0	1	0.531339031339031	0.88320075192639	-1.5	2.5	0	1	1	0.871794871794872	1.17052577190085	-1.5	2.5
22	sctc_E1R1C2_1min	702	0.397639855359622	5.18249665131637e-28	0.212195552253279	0.140402999311086	0.281768404772561	1.3713078333298e-08	0	0	0	0.303418803418803	0.69885967325238	0	0	0	1	3	10.4145299145299	24.8252773656952	-4.5	7.5	0	0	0	0.135327635327635	0.430876548517773	0	0
23	sctc_E1R1C1_20min	1251	0.979117293680704	0	0.967207157343345	0.963429237030853	0.970600645690741	0	5	17	33.5	22.414068745004	21.101080775924	-37.75	76.25	5	15	28	18.7298161470823	16.4283822175579	-29.5	62.5	5	14	26	17.6354916067146	15.6599306300548	-26.5	57.5
24	sctc_E1R1C2_20min	1251	0.956963358760463	0	0.967784100454018	0.964071433301817	0.971118761761477	0	1	5	14	9.46203037569944	12.0054969557398	-18.5	33.5	2	5	12	8.30375699440448	9.04108720639841	-13	27	0	4	11	7.35011990407674	9.23682402049598	-16.5	27.5
25	sctc_E1R1C1_25min	613	0.98034161069183	0	0.972848207361509	0.968252183260929	0.976786727639497	0	4	12	23	16.4192495921697	16.238985852801	-24.5	51.5	4	12	21	15.4796084828711	14.7333042268608	-21.5	46.5	4	11	20	14.3230016313214	13.4328422571772	-20	44
26	sctc_E1R1C2_25min	613	0.255682715354874	1.32238255603976e-10	0.158177342412316	0.0799888348476738	0.234431282825008	8.38641556113725e-05	0	1	3	2.74225122349103	4.03077939180639	-4.5	7.5	2	29	58	34.9445350734095	36.628190913497	-82	142	0	1	2	1.76345840130506	3.20811406640324	-3	5
27	sctc_E1R1C1_2min	707	0.874293212015376	1.71801750420093e-223	0.973561874259608	0.969417052342544	0.977151477056122	0	0	0	1	0.526166902404526	2.40580798425185	-1.5	2.5	0	0	1	0.571428571428571	1.89794239903657	-1.5	2.5	0	1	1	0.988684582743989	2.21311743410547	-1.5	2.5
28	sctc_E1R1C2_2min	707	0.0947317583342857	0.0117328253562657	0.0114654698617493	-0.0623220740107762	0.0851283584346262	0.760875466931224	0	0	1	0.591230551626591	2.04581574960493	-1.5	2.5	1	42	71	43.1838755304102	44.0903029072691	-104	176	0	0	0	0.128712871287129	0.693236373515537	0	0
29	sctc_E1R1C1_30min	977	0.98169241500511	0	0.97286354004311	0.969287596565554	0.976028193233484	0	4	10	20	14.078812691914	13.8941745157494	-20	44	4	10	20	14.1791197543501	13.9952295020317	-20	44	3	9	17	11.9529170931423	11.2726018035045	-18	38
30	sctc_E1R1C2_30min	977	0.345228613450272	9.94984382058651e-29	0.0861219077005291	0.0235301408683404	0.148041132368022	0.00707121054842622	0	0	1	0.633572159672467	1.10086536060271	-1.5	2.5	0	1	47	26.8802456499488	46.471181232948	-70.5	117.5	0	0	0	0.397134083930399	0.887014688039697	0	0
31	sctc_E1R1C1_35min	336	0.972365601474574	4.33400618459834e-213	0.973139684170648	0.966810033563692	0.978275541962959	4.02168709717322e-215	1	4	10	7.17559523809524	8.55232182508691	-12.5	23.5	2	5	11	7.61309523809524	8.33688126321065	-11.5	24.5	1	4	10	7.01190476190476	7.75250607164565	-12.5	23.5
32	sctc_E1R1C2_35min	336	0.265732932962442	7.73467165567736e-07	0.247004208707293	0.143810583983111	0.3448838625169	4.60592476131116e-06	0	1	1.25	1.0327380952381	1.30971100942768	-1.875	3.125	31	57.5	88	63.0714285714286	46.8306024997587	-54.5	173.5	0	0	0	0.196428571428571	0.453956781050612	0	0
33	sctc_E1R1C1_40min	737	0.963824918702419	0	0.974035811756874	0.970054280046866	0.97749401345364	0	1	3	9	6.93351424694708	10.0830614391934	-11	21	1	4	9	6.55766621438263	8.81203160841946	-11	21	1	3	8	6.18860244233379	8.28998743414664	-9.5	18.5
34	sctc_E1R1C2_40min	737	0.272901922016087	4.71163321946556e-14	0.207759845316913	0.13760683965215	0.275838828243087	1.24922781410942e-08	0	0	1	0.488466757123474	1.07475475427736	-1.5	2.5	0	3	32	22.8113975576662	39.885685570107	-48	80	0	0	0	0.122116689280868	0.713809340376399	0	0
35	sctc_E1R1C1_45min	1011	0.979305691953545	0	0.974493346817455	0.971189758839813	0.97742246064154	0	1	4	10	7.72304648862512	11.1904508892965	-12.5	23.5	1	4	10	7.2106824925816	9.76233034127398	-12.5	23.5	1	3	9	6.83580613254204	9.24660728886316	-11	21
36	sctc_E1R1C2_45min	1011	0.232925505282448	6.36288087700503e-14	0.235840117626208	0.176755499062248	0.29323110331422	3.03165191466044e-14	0	0	1	0.364985163204748	0.685291348590451	-1.5	2.5	30	50	85	62.2126607319486	42.7145635416899	-52.5	167.5	0	0	0	0.066271018793274	0.289348605638598	0	0
37	sctc_E1R1C1_4min	812	0.911996870110881	1.02684920055924e-315	0.963790942495222	0.958551364426588	0.96837887203629	0	0	0	1	0.995073891625616	2.65156592301638	-1.5	2.5	0	0	1	1.00985221674877	2.13072213037634	-1.5	2.5	0	0	1	1.18226600985222	2.73692939777622	-1.5	2.5
38	sctc_E1R1C2_4min	812	0.10742139727412	0.00217526979503891	0.153085269927887	0.085182631440523	0.219572482748497	1.17925345749343e-05	0	0	1	0.451970443349754	0.809261165597252	-1.5	2.5	11	31	62	44.2339901477833	46.701052854262	-65.5	138.5	0	0	0	0.0640394088669951	0.290986566990341	0	0
39	sctc_E1R1C1_50min	397	0.963707168245193	1.16576194443643e-228	0.969153005676877	0.962544234821073	0.974610796899132	2.27319155044916e-242	0	2	9	7.48362720403023	12.066853294307	-13.5	22.5	1	2	9	6.90680100755668	9.82621103612494	-11	21	1	2	9	6.80856423173804	10.0989361978034	-11	21
40	sctc_E1R1C2_50min	397	0.307822088367699	3.68589120535602e-10	0.307132312763938	0.215216082884516	0.393654605643636	4.05184121971843e-10	0	0	1	0.604534005037783	0.944029402136561	-1.5	2.5	47	63	88	69.4105793450882	30.36537084214	-14.5	149.5	0	0	0	0.138539042821159	0.442046299522238	0	0
41	sctc_E1R1C1_55min	1107	0.980691636281631	0	0.97725670306449	0.974445242106168	0.979762025576703	0	1	4	14	9.79313459801265	12.9877403530503	-18.5	33.5	1	5	13	8.88617886178862	10.9509699066177	-17	31	1	4	12.5	8.7037037037037	10.8409850722655	-16.25	29.75
42	sctc_E1R1C2_55min	1107	0.0730942033523006	0.0149962919228917	0.142946897160792	0.0847409566148694	0.200180561170645	1.79490332871758e-06	0	0	1	0.56639566395664	0.889902121270819	-1.5	2.5	30	53	82	60.7244805781391	40.2561303113684	-48	160	0	0	0	0.10840108401084	0.367031823936053	0	0
43	sctc_E1R1C1_6min	672	0.952535968824546	0	0.977092969614999	0.973394325044618	0.980282576678019	0	0	1	5	4.79464285714286	8.57609583915972	-7.5	12.5	0	1	5	4.03571428571429	6.78333441004818	-7.5	12.5	0	1	5	4.62202380952381	7.90894474164581	-7.5	12.5
44	sctc_E1R1C2_6min	672	0.903936191960806	2.36342172445839e-249	0.962269338085282	0.956230208935601	0.967489067353675	0	0	1	3	4.10119047619048	8.32634651396813	-4.5	7.5	0	0	2	2.37797619047619	4.93776379025106	-3	5	0	0	3	3.05505952380952	6.32702466638858	-4.5	7.5
45	sctc_E1R1C1_8min	1191	0.98585924108254	0	0.978778504466438	0.976252766824395	0.981038184088854	0	4	14	27	18.3089840470193	17.4687306199155	-30.5	61.5	3	11	20	13.8984047019312	12.8364864354506	-22.5	45.5	3	12	22	14.7413937867338	13.5422261890934	-25.5	50.5
46	sctc_E1R1C2_8min	1191	0.854398038618172	0	0.855415904111532	0.839399451411223	0.869947994423701	0	2	10	24	15.5894206549118	16.6652717632023	-31	57	0	3	15	8.63140218303946	10.6946615740514	-22.5	37.5	1	7	18	10.9269521410579	11.794908630859	-24.5	43.5
47	sctc_E1R2C1_0min	1619	0.914885311731709	0	0.947041291010546	0.941774935509063	0.951843127104571	0	0	0	1	0.592958616429895	2.58319659584749	-1.5	2.5	0	0	1	0.592340951204447	1.96837559661932	-1.5	2.5	0	0	1	0.825200741198271	2.3599893949395	-1.5	2.5
48	sctc_E1R2C2_0min	1619	0.103529342786908	2.99703576687013e-05	0.0776442791687266	0.0290367844725888	0.125885432043654	0.00176921602779741	0	0	1	0.681284743668931	1.84798405641516	-1.5	2.5	54	75	101	82.4657195799876	40.999041619815	-16.5	171.5	0	0	0	0.360716491661519	0.977921147446984	0	0
49	sctc_E1R2C1_10min	813	0.95840553241459	0	0.936954614144335	0.927980061223587	0.944842823822571	0	4	21	39	25.0307503075031	22.3070884723045	-48.5	91.5	3	12	22	14.5535055350554	12.9097341032754	-25.5	50.5	4	15	28	18.2583025830258	16.1797841257727	-32	64
50	sctc_E1R2C2_10min	813	0.414140370055119	4.92737725475506e-35	0.466397597006347	0.410814262661609	0.518526773034247	3.78902772493318e-45	1	10	30	18.9421894218942	22.9382412137211	-42.5	73.5	20	30	42	31.3333333333333	18.420133377066	-13	75	0	8	24	14.169741697417	16.6730578091302	-36	60
51	sctc_E1R2C1_15min	641	0.970081373784532	0	0.963589595386029	0.957606529471195	0.968741743608143	0	8	20	35	23.6505460218409	19.5689375313951	-32.5	75.5	7	15	26	18.0748829953198	14.4091120050942	-21.5	54.5	6	16	27	18.0920436817473	14.8232065432243	-25.5	58.5
52	sctc_E1R2C2_15min	641	0.979292652068369	0	0.974438964711176	0.970211653699453	0.978073047854986	0	2	16	30	19.8221528861154	20.3459042802929	-40	72	2	11	21	13.8502340093604	13.3994882402801	-26.5	49.5	1	12	22	14.5210608424337	14.6139897486229	-30.5	53.5
53	sctc_E1R2C1_1min	962	0.853757590337918	2.39773859401504e-274	0.881442760939254	0.866512261141574	0.894797420481635	5.08779529463275e-315	0	0	0	0.3004158004158	0.835091347374504	0	0	0	0	1	0.390852390852391	0.923189231393531	-1.5	2.5	0	0	1	0.662162162162162	1.1662986548222	-1.5	2.5
54	sctc_E1R2C2_1min	962	0.155139517173	1.33231533120496e-06	0.114767500289616	0.0519380942151572	0.176691940262903	0.00036135794280218	0	0	0	0.24012474012474	1.03805388285778	0	0	1	19.5	98.75	52.6985446985447	60.4133229681387	-145.625	245.375	0	0	0	0.109147609147609	0.563860911034092	0	0
55	sctc_E1R2C1_20min	1393	0.974657838642214	0	0.96875039565551	0.965345880821311	0.971825236571766	0	10	23	41	27.5987078248385	22.5609117658927	-36.5	87.5	9	19	31	21.4953338119167	16.447762566408	-24	64	8	18	30	20.3833452979182	15.7053804568751	-25	63
56	sctc_E1R2C2_20min	1393	0.556146857083636	6.4628878787374e-114	0.455604154236665	0.412964109853211	0.496251203417928	2.48759348083069e-72	1	4	12	8.4802584350323	10.9112705067327	-15.5	28.5	2	9	24	15.8097631012204	17.8789549764566	-31	57	0	4	10	6.80689160086145	8.61321883378187	-15	25
57	sctc_E1R2C1_25min	223	0.978633765115334	8.35350642354849e-154	0.978145001153136	0.971627762763849	0.983177971588432	9.90024841482679e-153	2	9	26	15.7219730941704	18.2137907275213	-34	62	2	9	23	15.1928251121076	16.8347437443445	-29.5	54.5	2	9	23	14.9417040358744	16.573918802461	-29.5	54.5
58	sctc_E1R2C2_25min	223	0.232193850561237	0.000472631142807508	0.138222788511188	0.00697243492511261	0.26479133372187	0.0391681065116998	1	4	8	5.78923766816143	7.19017540740178	-9.5	18.5	27	46	73.5	52.4125560538117	39.6466399314188	-42.75	143.25	0	1	2	2.04035874439462	4.02952882771987	-3	5
59	sctc_E1R2C1_2min	1112	0.843532035154253	6.2397762876794e-302	0.877699123785548	0.863464563334888	0.890536828569824	0	0	0	0	0.365107913669065	1.50479766412176	0	0	0	0	1	0.45773381294964	1.28131819542203	-1.5	2.5	0	0	1	0.649280575539568	1.42411386203618	-1.5	2.5
60	sctc_E1R2C2_2min	1112	0.178194564301469	2.18445380416933e-09	0.0752891593206801	0.016575526401271	0.133485346622305	0.0120258900727247	0	0	0	0.346223021582734	1.557105064098	0	0	45	65	97	75.5827338129496	41.1578637275424	-33	175	0	0	0	0.116007194244604	0.848589167445421	0	0
61	sctc_E1R2C1_30min	181	0.971729763776191	3.71574770732684e-114	0.973697535010636	0.96487222263345	0.980327822447522	6.36279022881784e-117	1	6	17	12.1160220994475	15.9608137386384	-23	41	2	6	17	11.171270718232	13.3311853702626	-20.5	39.5	2	7	17	11.3149171270718	13.6265773243477	-20.5	39.5
62	sctc_E1R2C2_30min	181	0.273881986086751	0.000190896755107924	0.170797038341595	0.0255764457323131	0.308958008889373	0.0215141744795579	0	2	4	2.79558011049724	3.67834236827798	-6	10	48	65	91	75.0718232044199	38.9588148846062	-16.5	155.5	0	1	2	1.30939226519337	1.77744203398087	-3	5
63	sctc_E1R2C1_35min	663	0.983862872486215	0	0.971177649146791	0.96650616345331	0.975205803594508	0	1	4	11	8.05580693815988	11.3229798117658	-14	26	1	4	10.5	7.81749622926093	9.92638440303561	-13.25	24.75	1	4	10	7.43137254901961	9.59281480314315	-12.5	23.5
64	sctc_E1R2C2_35min	663	0.0757049888481104	0.0513635346288803	0.0469491835553202	-0.0292993814689268	0.122654530012291	0.22732852280489	0	0	0	0.265460030165913	0.559562618753561	0	0	32	53	77	55.6485671191554	41.8512528578121	-35.5	144.5	0	0	0	0.158371040723982	0.440356626835064	0	0
65	sctc_E1R2C1_40min	662	0.968701941979457	0	0.978122456564034	0.97455914300209	0.981191437054824	0	1	3	7	5.56495468277946	7.71531150974124	-8	16	1	3	7	5.59214501510574	7.85456679885646	-8	16	1	3	7	5.35498489425982	7.07872080782339	-8	16
66	sctc_E1R2C2_40min	662	0.293082482563006	1.40162817386045e-14	0.312124005360609	0.241670615062336	0.379303888658152	2.0038194243373e-16	0	0	1	0.418429003021148	0.753303532480177	-1.5	2.5	53	85.5	133.75	97.0574018126888	50.7801439915147	-68.125	254.875	0	0	0	0.0785498489425982	0.320540881424074	0	0
67	sctc_E1R2C1_45min	253	0.963413960939269	1.5374363403391e-145	0.974716439137264	0.967717608938063	0.980213179284633	2.26332129714657e-165	0	1	5	4.48221343873518	7.67110895122503	-7.5	12.5	0	2	4	4.25691699604743	6.8354527477624	-6	10	1	2	5	4.84189723320158	7.51867407714192	-5	11
68	sctc_E1R2C2_45min	253	0.260197155192584	2.78216832744674e-05	0.37163386515336	0.260233117482853	0.473270502020729	1.04839997319822e-09	0	0	1	0.849802371541502	1.20562914175739	-1.5	2.5	50	71	105	83.9090909090909	46.4846325985381	-32.5	187.5	0	0	1	0.351778656126482	0.671682617099817	-1.5	2.5
69	sctc_E1R2C1_4min	1018	0.951658356079546	0	0.957196581237775	0.951727626023373	0.962057983477461	0	0	0	1	1.2721021611002	2.87901362802937	-1.5	2.5	0	0	1	1.05697445972495	2.27436993151607	-1.5	2.5	0	1	2	1.69056974459725	3.03657311338105	-3	5
70	sctc_E1R2C2_4min	1018	0.0618336236371924	0.0485714679025809	-0.0119406393195332	-0.0733291687392276	0.0495380329348125	0.703555834648501	0	0	0	0.382121807465619	1.43572710069343	0	0	20	53	79	53.1807465618861	42.2892454166325	-68.5	167.5	0	0	0	0.270137524557957	1.24197014989953	0	0
71	sctc_E1R2C1_50min	118	0.936659055597223	1.10526735687285e-54	0.989802750372318	0.985335849297588	0.992913828834149	4.96762449205829e-100	0	1.5	4	3.96610169491525	6.99686401474631	-6	10	1	2	4	4.08474576271186	6.95722740627861	-3.5	8.5	1	2	4	4.04237288135593	6.66460746120189	-3.5	8.5
72	sctc_E1R2C2_50min	118	0.349163160917832	0.000106535446349399	0.381796247449255	0.215939581217148	0.526238199339461	1.99028825692535e-05	0	1	3	2.25423728813559	2.80471654243063	-4.5	7.5	60	90.5	140	101.296610169492	48.8007127105784	-60	260	0	0	0	0.161016949152542	0.45235072587258	0	0
73	sctc_E1R2C1_55min	446	0.981113225729741	6.4141578405694e-319	0.974289708657331	0.969107773210949	0.978611855395959	1.63769551374661e-289	1	3	11	7.93497757847534	11.885702330411	-14	26	1	3	11	8.44170403587444	12.6017641269867	-14	26	1	3	11	7.45291479820628	10.4849288532585	-14	26
74	sctc_E1R2C2_55min	446	0.218740831817742	3.11404756537459e-06	0.225412523023645	0.135393866122909	0.311740231374862	1.51616000845133e-06	0	0	1	0.569506726457399	0.888560623060424	-1.5	2.5	64	89	128.75	101.553811659193	50.4243165996301	-33.125	225.875	0	0	0	0.2847533632287	0.56257099001716	0	0
75	sctc_E1R2C1_6min	1132	0.983592814421189	0	0.984382045744833	0.982466421642568	0.986089847607897	0	0	2	11.25	7.1916961130742	10.427951706096	-16.875	28.125	0	2	9	5.886925795053	8.38536505106257	-13.5	22.5	0	2	11	6.94964664310954	9.42906552216447	-16.5	27.5
76	sctc_E1R2C2_6min	1132	0.883682879719538	0	0.970730611331688	0.967168270501663	0.973911553591221	0	0	0	2	2.99293286219081	6.58884352079741	-3	5	0	0	1	1.88427561837456	4.64151109060942	-1.5	2.5	0	0	2	2.73144876325088	5.74636012299568	-3	5
77	sctc_E1R2C1_8min	366	0.984464277666929	4.18076128165038e-277	0.973017318190261	0.966955308913184	0.977979708809219	6.37114544033927e-234	2	11	24	15.0081967213115	15.1178906452321	-31	57	1	9	18	10.8251366120219	10.3021222368998	-24.5	43.5	2	11	22	14.0710382513661	13.5557856025626	-28	52
78	sctc_E1R2C2_8min	366	0.594561312040737	2.33258453996244e-36	0.30155334970416	0.205392413106116	0.391947448911893	3.93466360476742e-09	1	3	13.75	9.47540983606557	13.3278242979305	-18.125	32.875	0	4	22	14.0737704918033	19.8650935126163	-33	55	0	2	11	7.33333333333333	10.8313767112582	-16.5	27.5
79	sctc_E2R1C1_0min	918	0.900249408513069	0	0.923938296559404	0.913867607658285	0.932872808934522	0	0	0	1	0.690631808278867	1.80697166592991	-1.5	2.5	0	0	1	0.818082788671024	2.02509335129768	-1.5	2.5	0	0	1	1.01960784313725	2.07168348793451	-1.5	2.5
80	sctc_E2R1C2_0min	918	0.283418184080055	2.03024049494283e-18	0.234521886428342	0.172434604608315	0.29475304974175	6.17405230063673e-13	0	0	0	0.338779956427015	0.727733393929636	0	0	42.25	69	104.75	78.3856209150327	42.5169860237174	-51.5	198.5	0	0	0	0.0915032679738562	0.353073011207878	0	0
81	sctc_E2R1C1_10min	1480	0.318995574816323	2.33517960082595e-36	0.27172213214014	0.223867287410981	0.318269931294658	1.83114038224918e-26	17	30	45	33.4885135135135	23.463720571324	-25	87	0	1	4	5.71689189189189	10.9838647935526	-6	10	12	20	29	21.7283783783784	14.5711471296361	-13.5	54.5
82	sctc_E2R1C2_10min	1480	0.42560021931195	3.55134542272098e-66	0.201238089633623	0.151840673803203	0.249632749142674	5.48207607829846e-15	13	32	50	34.9277027027027	27.0379902537821	-42.5	105.5	1	2	6.25	14.0851351351351	26.1084915033813	-6.875	14.125	7	15	25	17.1324324324324	13.5581297573598	-20	52
83	sctc_E2R1C1_15min	3127	0.562043523930967	6.1064704492094e-260	0.635834828496644	0.614477779042226	0.656260647471004	0	36	53	72	55.8864726574992	29.2417105937664	-18	126	5	15	26	17.5049568276303	14.9498165998415	-26.5	57.5	17	25	35	26.622321714103	14.5393212505336	-10	62
84	sctc_E2R1C2_15min	3127	0.432432669754375	1.08666408969154e-142	0.276062252874078	0.243365046401948	0.308132730028749	8.31284064022087e-56	34	56	77	56.5887432043492	35.0042275289869	-30.5	141.5	1	3	12	14.5084745762712	25.4313618747053	-15.5	28.5	11	21	30	21.3082826990726	14.4789521766952	-17.5	58.5
85	sctc_E2R1C1_1min	2738	0.927794863398366	0	0.926398008050123	0.920895753507993	0.931531184005914	0	0	0	1	0.58254200146092	1.49873232362703	-1.5	2.5	0	0	1	0.643900657414171	1.52889632834283	-1.5	2.5	0	0	1	0.761869978086194	1.56069965781047	-1.5	2.5
86	sctc_E2R1C2_1min	2738	0.174475884540112	3.71317986375422e-20	0.133658001144569	0.0966822095649851	0.170265375780616	2.18543377523005e-12	0	0	1	0.462381300219138	1.15806417440944	-1.5	2.5	50	66	88	72.3071585098612	31.1018144862649	-7	145	0	0	0	0.189554419284149	0.64725079954561	0	0
87	sctc_E2R1C1_20min	1821	0.344255175745102	8.08750987023712e-52	0.429504642328471	0.391289356928798	0.466241175375765	1.2317497924238e-82	39	59	87	66.4739154310818	37.9604045516761	-33	159	2	11	29	19.5326743547501	23.6292715875032	-38.5	69.5	8	14	22	16.6496430532674	11.4088473541126	-13	43
88	sctc_E2R1C2_20min	1821	0.438991708477093	1.17514284054836e-86	0.3491217145589	0.308127974238551	0.388821377322246	2.43693036042977e-53	38	57	83	63.6029654036244	38.4570828583082	-29.5	150.5	1	3	14	19.4530477759473	35.126390595326	-18.5	33.5	9	14	22	16.4953322350357	11.3587650796231	-10.5	41.5
89	sctc_E2R1C1_25min	1611	0.908938652271244	0	0.917412065597358	0.909315528311615	0.924814189541561	0	49	73	104	77.9199255121043	41.2574756665933	-33.5	186.5	30	45	63	47.6083178150217	24.6532203248559	-19.5	112.5	11	20	32	22.1117318435754	14.9826377419642	-20.5	63.5
90	sctc_E2R1C2_25min	1611	0.535681375003707	2.52246772115909e-120	0.53479094570024	0.498985377778059	0.568773765604112	7.40096097491675e-120	30	53	79	56.2526381129733	35.9848326942036	-43.5	152.5	1	8	24	14.3289882060832	15.9760619890354	-33.5	58.5	14	25	38	26.7815021725636	17.1403973943209	-22	74
91	sctc_E2R1C1_2min	1074	0.90020327394515	0	0.97190689510027	0.968388591078684	0.975038582689914	0	0	0	1	0.660148975791434	1.85819621526642	-1.5	2.5	0	0	1	0.779329608938548	1.96015793278307	-1.5	2.5	0	0	1	1.0391061452514	2.16305450511025	-1.5	2.5
92	sctc_E2R1C2_2min	1074	0.15927684673851	1.54374146443998e-07	0.16495812688833	0.106187569158514	0.222580177568353	5.41881859599277e-08	0	0	0	0.313780260707635	0.905227673493709	0	0	43	61	82.75	68.3575418994413	34.4546476346214	-16.625	142.375	0	0	0	0.103351955307263	0.523027901191588	0	0
93	sctc_E2R1C1_30min	458	0.967787894096168	2.76555959084138e-275	0.966244278290994	0.959572111102329	0.971831108806312	9.99115043705129e-271	29	53	74.75	55.4279475982533	32.5192460189772	-39.625	143.375	20	35	49	36.8995633187773	21.3626281540209	-23.5	92.5	16	28	43	30.8864628820961	18.4019131384504	-24.5	83.5
94	sctc_E2R1C2_30min	458	0.491512052434249	3.13799189845132e-29	0.578468669182499	0.514090308786822	0.636366020635381	2.93144936981561e-42	6	14	26	18.5371179039301	16.576054345681	-24	56	27.25	46.5	77.5	53.7248908296943	34.0476990757275	-48.125	152.875	4	10	19	12.7532751091703	11.1354422718344	-18.5	41.5
95	sctc_E2R1C1_35min	683	0.930809899379053	7.0068478329879e-300	0.920864623760521	0.908614697199172	0.931531390885033	8.84620946775118e-281	34	58	87.5	62.4787701317716	37.8087183340419	-46.25	167.75	24	38	54	40.199121522694	21.9043146927654	-21	99	21	36	53.5	38.2386530014641	22.1489922703831	-27.75	102.25
96	sctc_E2R1C2_35min	683	0.340126419954586	5.86612444245689e-20	0.298380862851234	0.228475198251596	0.365225438371636	1.64100237689061e-15	1	3	8	6.39238653001464	10.0535837419128	-9.5	18.5	41	58	75.5	61.2928257686676	26.6853457112263	-10.75	127.25	1	2	6	5.23718887262079	8.01332974920872	-6.5	13.5
97	sctc_E2R1C1_40min	526	0.964530522123047	2.84083748198271e-305	0.95897040893153	0.951485067164871	0.965321364694285	5.04611021188631e-289	19.25	40.5	65	45.1406844106464	32.6253652226552	-49.375	133.625	16	30	43	31.5836501901141	21.2043939467916	-24.5	83.5	15	30	47.75	33.3384030418251	23.0890517967594	-34.125	96.875
98	sctc_E2R1C2_40min	526	0.241873735438643	1.93486770910272e-08	0.148191921680967	0.0635024429684397	0.230762297688103	0.000650836904673814	0	1	2	1.34600760456274	2.74400701650137	-3	5	2	47.5	76	46.8479087452471	40.0198958305115	-109	187	0	0	1	1.11406844106464	2.36770167584159	-1.5	2.5
99	sctc_E2R1C1_45min	401	0.976614860302101	1.78393749151905e-268	0.95514360379628	0.945668910612415	0.962997446416347	5.62490740329655e-213	6	19	41	25.2593516209476	23.456716918157	-46.5	93.5	5	16	26	16.8977556109726	13.6637117925593	-26.5	57.5	5	17	30	19.7456359102244	17.1281971368007	-32.5	67.5
100	sctc_E2R1C2_45min	401	0.161916435280398	0.00113893214903341	0.0509953941665075	-0.0471694189730997	0.148184620796715	0.308365802922372	0	0	1	0.798004987531172	1.84434161965051	-1.5	2.5	46	65	86	69.1546134663342	29.7312299596353	-14	146	0	0	1	0.486284289276808	1.35478279033119	-1.5	2.5
101	sctc_E2R1C1_4min	548	0.890390954209813	9.12050233775602e-189	0.830893376319065	0.803020444719042	0.855139122014401	4.05608831240283e-141	0	0	1	0.671532846715328	1.55864981204217	-1.5	2.5	0	0	1	0.79014598540146	1.66744656310375	-1.5	2.5	0	1	2	1.2007299270073	1.95746343158093	-3	5
102	sctc_E2R1C2_4min	548	0.319719031815445	1.72595573964921e-14	0.271324049146629	0.191926809520409	0.347192744225682	1.05696151366621e-10	0	0	1	0.633211678832117	1.19969187653339	-1.5	2.5	38	61	87	66.5200729927007	35.020985591564	-35.5	160.5	0	0	0	0.301094890510949	0.898220201445409	0	0
103	sctc_E2R1C1_50min	325	0.983211723696149	1.04208389002062e-240	0.978711369109027	0.973582495956777	0.98285313939316	3.29544104119487e-224	3	11	25	17.0615384615385	18.6977889719786	-30	58	3	10	22	15.1015384615385	16.5614874934651	-25.5	50.5	3	10	21	14.3046153846154	15.2208883313505	-24	48
104	sctc_E2R1C2_50min	325	0.226091167324569	3.89534924070658e-05	0.135016164426273	0.0266148665226699	0.240279011576021	0.0148579288995476	0	0	1	0.590769230769231	1.40608499876134	-1.5	2.5	40	64	110	79.1753846153846	63.8653338963651	-65	215	0	0	0	0.187692307692308	0.744425309104753	0	0
105	sctc_E2R1C1_55min	419	0.985994763259075	0	0.971382043361488	0.96542270836597	0.976326668613193	1.87509482724397e-262	2	8	21	15.0644391408115	19.2665302258982	-26.5	49.5	2	7	18	12.5322195704057	15.3128706408262	-22	42	2	7	19	13.3365155131265	16.3817753295826	-23.5	44.5
106	sctc_E2R1C2_55min	419	0.114518001444167	0.0190351884994929	0.080078284992423	-0.0158436997267774	0.174539736540752	0.101652537170376	0	0	1	0.41527446300716	0.838291500494218	-1.5	2.5	17.5	41	75.5	49.3078758949881	41.8187386173276	-69.5	162.5	0	0	0	0.157517899761337	0.610129444685416	0	0
107	sctc_E2R1C1_6min	688	0.972383690381405	0	0.970084198738443	0.965334473378465	0.974191682600937	0	0	2	7	4.89825581395349	7.02075089260657	-10.5	17.5	0	2	5	4.07558139534884	5.70324734069749	-7.5	12.5	0	2	7	5.0203488372093	7.01461513532761	-10.5	17.5
108	sctc_E2R1C2_6min	688	0.255065712055126	1.11528353166947e-11	0.267477789164553	0.196662987511117	0.335516481482885	9.78520240778467e-13	0	1	4	3.49418604651163	5.81620192804642	-6	10	15.75	30.5	54.25	37.1235465116279	30.7316056282899	-42	112	0	0	3	2.38517441860465	4.4409318787915	-4.5	7.5
109	sctc_E2R1C1_8min	424	0.982818972076719	8.29111763796449e-312	0.953670141264357	0.944189191867647	0.961572333343588	2.9909135844326e-222	2	11	25.25	16.0495283018868	16.6872185276134	-32.875	60.125	2	9	21	13.3608490566038	13.4114546586964	-26.5	49.5	3	12	23	15.2122641509434	14.9690694675516	-27	53
110	sctc_E2R1C2_8min	424	0.369539911908061	3.63183935032935e-15	0.244897384136966	0.153237938944596	0.332378835295131	3.29374882433466e-07	2	12	29	18.0047169811321	18.482756040204	-38.5	69.5	1	6	44	26.2075471698113	34.6367757062006	-63.5	108.5	1	9	20	12.3655660377358	12.5869399522703	-27.5	48.5
111	sctc_E2R2C1_0min	396	0.79139857841575	3.08488183106236e-86	0.920336749725598	0.903757450196552	0.934158779024337	1.03026393315039e-162	0	0	1	0.616161616161616	1.64867155241368	-1.5	2.5	0	0	1	0.825757575757576	1.57590823539893	-1.5	2.5	0	0	1	1.00252525252525	1.7881448379217	-1.5	2.5
112	sctc_E2R2C2_0min	396	0.215057325878346	1.58400271721347e-05	0.224353354565852	0.128651506514534	0.315914961814894	6.54237000238858e-06	0	0	1	0.44949494949495	0.756390326852946	-1.5	2.5	53	72.5	97	78.8030303030303	35.1339079019813	-13	163	0	0	0	0.0732323232323232	0.279584966484626	0	0
113	sctc_E2R2C1_10min	644	0.973222564170624	0	0.967943099056012	0.962675130601865	0.972477981472999	0	8.75	21	34	22.7313664596273	18.1481944484285	-29.125	71.875	6	15	24	16.2888198757764	12.525574429116	-21	51	6	17	27	18.110248447205	13.7063840888264	-25.5	58.5
114	sctc_E2R2C2_10min	644	0.620351637168632	9.33989665426989e-70	0.547305436911314	0.490799042730055	0.599226995728693	1.33541947605914e-51	0	12	33	18.555900621118	19.8827428779562	-49.5	82.5	18	39	65	42.917701863354	31.4303059809663	-52.5	135.5	1	14	22	13.9767080745342	11.9575877392956	-30.5	53.5
115	sctc_E2R2C1_15min	363	0.951194194734134	2.0550987525814e-186	0.946229280760174	0.934294904325108	0.956045209843607	5.12615964780153e-179	23	40	58	42.3553719008264	26.1690824401449	-29.5	110.5	15	24	35	26.1515151515152	15.3043404332158	-15	65	18	30	41	30.9090909090909	18.1833813993993	-16.5	75.5
116	sctc_E2R2C2_15min	363	0.53502924090588	2.8573180162267e-28	0.600273669304502	0.530093884030885	0.662285574007517	6.5717217665535e-37	23	46	66	46.0936639118457	32.3027296208626	-41.5	130.5	30	47	70.5	52.6280991735537	30.3550260425747	-30.75	131.25	12	23	35	24.1955922865014	17.2140499717526	-22.5	69.5
117	sctc_E2R2C1_1min	1487	0.84781238274187	0	0.949359131072648	0.944086452389334	0.954146320685187	0	0	0	1	0.722932078009415	2.372998627751	-1.5	2.5	0	0	1	0.9226630800269	2.43185818299698	-1.5	2.5	0	0	1	0.916610625420309	2.11793274446145	-1.5	2.5
118	sctc_E2R2C2_1min	1487	0.202100176570462	3.60109560123455e-15	0.0587672890423888	0.00795678445782535	0.109275116002169	0.023438161524338	0	0	0	0.416946872898453	3.93277056875117	0	0	0	7	42	24.305985205111	31.677247872785	-63	105	0	0	0	0.138533960995293	1.45119387524541	0	0
119	sctc_E2R2C1_20min	1732	0.545550179737072	6.72441575241154e-135	0.625236654876446	0.595678006550625	0.653104149034036	1.6950553033749e-188	36	52	72	55.9463048498845	27.666851178984	-18	126	7	14	24	16.5733256351039	12.3406231905205	-18.5	49.5	8	14	20	15.3550808314088	10.0991796112719	-10	38
120	sctc_E2R2C2_20min	1732	0.255571221835496	3.13778780780191e-27	0.298410150753467	0.254891862491036	0.340722062588783	5.8729928182083e-37	35	53	74	54.9901847575058	31.2864261013955	-23.5	132.5	4	17	45	28.5935334872979	30.833855735032	-57.5	106.5	6	11	17	12.3239030023095	8.94754243070256	-10.5	33.5
121	sctc_E2R2C1_25min	122	0.933437573317915	2.91335364610564e-55	0.917732898876691	0.884221211934981	0.94184414951113	6.0106690319124e-50	41.25	61.5	80	59.7786885245902	31.3789191474286	-16.875	138.125	22.25	36	48	37.6229508196721	22.5151291169868	-16.375	86.625	29.25	44.5	58	44.7540983606557	23.5867701660545	-13.875	101.125
122	sctc_E2R2C2_25min	122	0.574378553637832	4.60521834210707e-12	0.630402628220737	0.50976663473188	0.726725952676049	7.21122185126366e-15	28	50.5	72.5	52.8196721311475	32.7721955305349	-38.75	139.25	29	50.5	76.75	55.8360655737705	34.575432126098	-42.625	148.375	16.25	30	43	30.672131147541	18.6837281142475	-23.875	83.125
123	sctc_E2R2C1_2min	211	0.853360630721632	4.83558560907263e-61	0.942543794591072	0.925269470143434	0.955916505125463	1.78751014200688e-101	0	0	1	0.758293838862559	2.32447944585448	-1.5	2.5	0	0	1	0.990521327014218	2.77229580179284	-1.5	2.5	0	0	1	1.13270142180095	2.33226270695136	-1.5	2.5
124	sctc_E2R2C2_2min	211	0.00246976650387858	0.971551575105425	-0.0983187683602278	-0.230328621966247	0.0372443947147982	0.154698740191194	0	0	1	0.445497630331754	0.787168593150144	-1.5	2.5	0	2	63.5	38.4691943127962	53.7208193109805	-95.25	158.75	0	0	0	0.0853080568720379	0.296523145939124	0	0
125	sctc_E2R2C1_30min	338	0.935423456836907	8.6733923586716e-154	0.936601238132346	0.922049767203963	0.948509064164726	4.35549811133836e-155	40	66	95	69.1005917159763	37.5702143798902	-42.5	177.5	23	36	49	37.9289940828402	19.9746349433882	-16	88	25.25	41	57	42.3905325443787	22.5001450509101	-22.375	104.625
126	sctc_E2R2C2_30min	338	0.454781852964072	1.17409195316184e-18	0.505082152146257	0.421094112084257	0.580482268826656	2.77388695603215e-23	18	42	68	45.6301775147929	32.8261662017587	-57	143	35	55	78	58.9852071005917	32.6024942172446	-29.5	142.5	13	28	42	29.5710059171598	20.5424071656708	-30.5	85.5
127	sctc_E2R2C1_35min	403	0.926406421991249	3.36107925081708e-172	0.933296560867382	0.919435551854186	0.94484133213145	1.88140501581366e-180	34	54	81	62.3473945409429	39.8744723374457	-36.5	151.5	19	31	47	35.7642679900744	23.0968437818725	-23	89	18	28	44	33.5732009925558	22.7569130369639	-21	83
128	sctc_E2R2C2_35min	403	0.65637540974473	5.1021817217617e-51	0.745229511457281	0.698385038141927	0.785716412966711	1.41671652788136e-72	9	19	34.5	24.1488833746898	20.7440614889781	-29.25	72.75	30	49	78	58.6302729528536	39.2308485668937	-42	150	6	12	22	15.5235732009926	13.3180129072429	-18	46
129	sctc_E2R2C1_40min	562	0.960772248225497	4.27294154816982e-314	0.965584989247417	0.959504540117173	0.970766071460676	0	29	47	75.75	55.9626334519573	38.1516865409964	-41.125	145.875	26	40	61	46.7153024911032	30.7178653562935	-26.5	113.5	18	28	45	32.9875444839858	21.4350951174492	-22.5	85.5
130	sctc_E2R2C2_40min	562	0.373462654282428	4.83760058157835e-20	0.391184218595029	0.31879013623896	0.459040613023127	5.43057856613127e-22	2	5	13	8.97686832740214	10.5640141259476	-14.5	29.5	26	49	83	56.1850533807829	42.9325789571876	-59.5	168.5	1	4	9	6.58540925266904	7.65550613956328	-11	21
131	sctc_E2R2C1_45min	260	0.899696452309437	7.26584770120093e-95	0.915515828564064	0.893361010629227	0.933230183247889	5.04199907943624e-104	15	24	37	27.5538461538462	18.1909908282135	-18	70	10	16	24	18.0884615384615	11.6534524992791	-11	45	11	16	25	18.2884615384615	11.2386133511403	-10	46
132	sctc_E2R2C2_45min	260	0.283013689540133	3.54165429112873e-06	0.182885715803651	0.0626253845914051	0.297911238466048	0.00307901651519334	0	1	2	1.5	2.51097975002175	-3	5	39	54	74	61.3230769230769	31.5204696338745	-13.5	126.5	0	0	1	0.626923076923077	1.23777658811713	-1.5	2.5
133	sctc_E2R2C1_4min	217	0.771124937075668	4.90187474313325e-44	0.817124018843303	0.767460991217771	0.857038490109989	2.44129623102151e-53	0	0	1	0.580645161290323	1.25984770845788	-1.5	2.5	0	0	1	0.778801843317972	1.38005382423091	-1.5	2.5	0	0	1	0.764976958525346	1.38613141526789	-1.5	2.5
134	sctc_E2R2C2_4min	217	0.025292239259685	0.711020902939171	0.000711506048255597	-0.132485460584315	0.133883231180113	0.99168571148355	0	0	1	0.599078341013825	1.30192132888744	-1.5	2.5	0	46	105	55.3963133640553	57.3715924127562	-157.5	262.5	0	0	0	0.133640552995392	0.581841043438259	0	0
135	sctc_E2R2C1_50min	447	0.973272128288363	1.85312732514164e-286	0.962012631887088	0.954422722007604	0.968359068789498	4.89926091705566e-253	8.5	26	50.5	33.2505592841163	29.263375591886	-54.5	113.5	10	24	41	27.8143176733781	22.1862068999497	-36.5	87.5	8	20	34	23.2572706935123	18.640534805248	-31	73
136	sctc_E2R2C2_50min	447	0.148228393892522	0.00167510625088117	0.0648558885702517	-0.0280613524407588	0.156661966586457	0.171058827436442	0	0	2	1.38926174496644	4.01741401563742	-3	5	41	67	96	65.986577181208	43.6492830308822	-41.5	178.5	0	0	1	0.825503355704698	2.47878408539935	-1.5	2.5
137	sctc_E2R2C1_55min	580	0.971319018918039	0	0.960516220272812	0.953679465699795	0.966361267455325	1.97626258336499e-323	4	15	39	24.501724137931	27.9414944614451	-48.5	91.5	4	13	28	18.1551724137931	17.9040830766758	-32	64	3	13	28	18.1844827586207	19.2312201350821	-34.5	65.5
138	sctc_E2R2C2_55min	580	0.183926252604936	8.27039710698499e-06	0.0617866250871492	-0.0197263780386077	0.142483665896232	0.137218533737951	0	0	1	1.20862068965517	6.57043108084791	-1.5	2.5	2	59	90	57.4844827586207	45.7571282392819	-130	222	0	0	1	0.741379310344828	4.62761981004349	-1.5	2.5
139	sctc_E2R2C1_60min	815	0.980719744899789	0	0.973394723633405	0.969530926188907	0.976774329089028	0	4	12	27	18.1680981595092	19.2302092194614	-30.5	61.5	3	11	23.5	16.0773006134969	16.8010518734903	-27.75	54.25	3	10	21	14.2883435582822	13.9287957285235	-24	48
140	sctc_E2R2C2_60min	815	0.0834650509420104	0.0171591446356279	0.0321259403260205	-0.0366278594362896	0.100577040772213	0.35968435527197	0	0	0	0.413496932515337	1.45009172536377	0	0	0	47	94	55.0883435582822	59.6832717176975	-141	235	0	0	0	0.209815950920245	0.866466086813463	0	0
141	sctc_E2R2C1_6min	788	0.97396684796123	0	0.970144107189221	0.965737506614595	0.973991460412339	0	0	1	4	3.7994923857868	6.59215966071196	-6	10	0	1	4	3.40482233502538	5.62372240751682	-6	10	0	1	4	3.69416243654822	5.94994934974738	-6	10
142	sctc_E2R2C2_6min	788	0.532163602002438	7.91638247126185e-59	0.1877946146403	0.119521990878932	0.254299547345182	1.09267639990886e-07	0	1	2	2.70685279187817	5.02740684265056	-3	5	0	1	10	11.5190355329949	20.9669284717328	-15	25	0	0	2	1.94416243654822	3.66714579143845	-3	5
143	sctc_E2R2C1_8min	344	0.984013516716643	2.30914209739622e-258	0.974378828545379	0.96841538811383	0.979228202872602	1.08356136733627e-223	1	8	18	11.2587209302326	11.8543116655819	-24.5	43.5	1	6	15	9.38372093023256	9.94758110234756	-20	36	1	7	16	10.0610465116279	10.2094277049191	-21.5	38.5
144	sctc_E2R2C2_8min	344	0.23866539299351	7.63006975560906e-06	0.243818999724945	0.141731860722496	0.340774477514246	4.76365313973485e-06	1	5	14	9.27616279069767	10.7642054131972	-18.5	33.5	21	50	75.25	49.6482558139535	34.4324427899397	-60.375	156.625	0	2.5	9	5.65697674418605	6.94281583422118	-13.5	22.5
145	sctc_E2R3C1_0min	675	0.857244546147604	3.54266931737892e-196	0.851508220745491	0.829336017282259	0.871002995791842	7.20409592548698e-191	0	0	1	0.395555555555556	1.1967975732162	-1.5	2.5	0	0	1	0.506666666666667	1.26039888180143	-1.5	2.5	0	0	1	0.444444444444444	1.17760171375612	-1.5	2.5
146	sctc_E2R3C2_0min	675	0.045787833396276	0.234825098034488	-0.0116821079279473	-0.0870688626729617	0.0638376819365099	0.761921968607434	0	0	0	0.0474074074074074	0.386114639429592	0	0	0	1	19	10.8992592592593	17.0307432623388	-28.5	47.5	0	0	0	0.0296296296296296	0.201652694526513	0	0
147	sctc_E2R3C1_10min	1063	0.981923540155594	0	0.97287939606486	0.969462364961328	0.975918751094136	0	7	24	40	26.3838193791157	21.3982812924877	-42.5	89.5	6	18	29	19.4383819379116	15.0172441374865	-28.5	63.5	7	20	32	21.1815616180621	16.2141378466127	-30.5	69.5
148	sctc_E2R3C2_10min	1063	0.741077277568204	9.11021249047084e-186	0.322344198994698	0.267399647596948	0.375199412673915	3.98868584727131e-27	1.5	32	69	40.9322671683913	42.3497801944696	-99.75	170.25	0	1	3	4.55973659454374	9.3500635327331	-4.5	7.5	1	16	35	21.2596425211665	21.6229968137904	-50	86
149	sctc_E2R3C1_15min	774	0.959296565804862	0	0.957810748285115	0.951568767327435	0.963263385431687	0	23	40	60	43.4948320413437	28.7800572241763	-32.5	115.5	16	25.5	37	27.4005167958656	16.7318799980976	-15.5	68.5	17	28	41	30.0749354005168	18.4324806736979	-19	77
150	sctc_E2R3C2_15min	774	0.741957126058539	3.4727787830004e-136	0.705072340972304	0.667782404040288	0.738832101800789	2.3555927824953e-117	7	38	64	40.1589147286822	33.4259323588735	-78.5	149.5	1	5	25	13.9935400516796	17.6083953170269	-35	61	4.25	24	40	25.4961240310078	21.0387275613914	-49.375	93.625
151	sctc_E2R3C1_20min	1234	0.954673548394051	0	0.959224438700275	0.954514183964622	0.963456045892142	0	39	60	87	64.6134521880065	36.4747978930821	-33	159	24	35	48	37.2163695299838	19.9048676089544	-12	84	22	32	47	34.8978930307942	19.0425556319909	-15.5	84.5
152	sctc_E2R3C2_20min	1234	0.717853147484809	5.55018403632661e-196	0.650888068376551	0.617513306602368	0.681923307492667	1.32700436135289e-149	29	57	82	57.8646677471637	38.8983160808851	-50.5	161.5	0	2	4	2.64910858995138	3.05943609923384	-6	10	14	28	42	29.5470016207455	20.1162834847203	-28	84
153	sctc_E2R3C1_25min	1388	0.958419091871765	0	0.960856363714133	0.956602731392658	0.964700593265116	0	42	63	92	68.7348703170029	38.6055275476068	-33	167	26	39	54	41.2096541786743	21.3637428881351	-16	96	20	31	45	33.664265129683	19.2973459656945	-17.5	82.5
154	sctc_E2R3C2_25min	1388	0.514642337286672	1.03369965324532e-94	0.52013251266296	0.480670797138971	0.557491824759483	4.73095425237185e-97	28	52	78	54.6159942363112	36.683611173318	-47	153	0	7	31	17.4618155619597	20.9178186690043	-46.5	77.5	14	26.5	41	28.5482708933718	19.4022379923889	-26.5	81.5
155	sctc_E2R3C1_2min	993	0.913964602679276	0	0.966655630157544	0.962314972719709	0.970503834788506	0	0	0	1	0.53877139979859	2.65426416301852	-1.5	2.5	0	0	1	0.561933534743202	2.10329069354325	-1.5	2.5	0	0	1	0.554884189325277	2.15415455959286	-1.5	2.5
156	sctc_E2R3C2_2min	993	0.0419489474752971	0.186565533253322	-0.0269963579955273	-0.0890580868069238	0.0352741841949777	0.395441861652821	0	0	0	0.0574018126888218	0.901235764885083	0	0	1	43	72	46.9305135951662	42.8017537777328	-105.5	178.5	0	0	0	0.0604229607250755	0.868567729983706	0	0
157	sctc_E2R3C1_30min	829	0.960323255246003	0	0.959912740033039	0.954188937337299	0.964934222399385	0	31	54	83	59.3920386007238	39.8752521451717	-47	161	22	37	53	39.5126658624849	24.5398501950346	-24.5	99.5	21	35	53	37.8082026537998	23.5682405287437	-27	101
158	sctc_E2R3C2_30min	829	0.971396460077743	0	0.95534441802845	0.94898531221094	0.960926737339199	0	7	24	45	29.1531966224367	26.2068035204525	-50	102	8	21	36	24.3063932448733	19.2886845792258	-34	78	6	18	33	21.5428226779252	18.2607829899079	-34.5	73.5
159	sctc_E2R3C1_35min	928	0.971196509058686	0	0.961642967612663	0.956481349995687	0.966202956578271	0	20	48	78	52.8135775862069	39.3665148412574	-67	165	18	34	51	36.2370689655172	24.0252439340858	-31.5	100.5	16	33	50	35.1282327586207	23.6957007807891	-35	101
160	sctc_E2R3C2_35min	928	0.960583585289705	0	0.9643622463432	0.959559011902559	0.96860413399589	0	1	8	17	12.0463362068966	14.0580936598682	-23	41	3	8	18	11.9935344827586	11.7910595098822	-19.5	40.5	2	7	15	10.1443965517241	10.9499523853136	-17.5	34.5
161	sctc_E2R3C1_40min	839	0.97814578765811	0	0.964917789639689	0.959926145943885	0.969297408716001	0	14	32	58	40.3087008343266	34.7936818134204	-52	124	13	26	43	29.6305125148987	22.26412985896	-32	88	11	23	38	26.746126340882	20.5138327191407	-29.5	78.5
162	sctc_E2R3C2_40min	839	0.936797986915884	0	0.937012619917101	0.928195605394277	0.944777980988727	0	0	2	5	3.73301549463647	5.9336220380315	-7.5	12.5	1	2	6	4.09058402860548	5.67445345152635	-6.5	13.5	0	2	4	3.30870083432658	4.95023522064848	-6	10
163	sctc_E2R3C1_45min	875	0.988823765339606	0	0.976397354263461	0.973091817618748	0.97930108204388	0	6	21	44	29.7142857142857	29.0059682059722	-51	101	6	19	35	23.3965714285714	20.4351793664056	-37.5	78.5	6	18	33	22.2297142857143	19.8222890583038	-34.5	73.5
164	sctc_E2R3C2_45min	875	0.8326291515556	3.01256792484478e-226	0.944296518505641	0.936639404797566	0.951051660121155	0	0	0	1	1.00114285714286	2.80507036364771	-1.5	2.5	0	0	1	1.22514285714286	2.55749601714994	-1.5	2.5	0	0	1	0.934857142857143	2.37147591298842	-1.5	2.5
165	sctc_E2R3C1_4min	514	0.925303056917785	9.50519735992085e-218	0.962121182477199	0.955109792152469	0.96805535851815	3.72467771427033e-291	0	0	1	0.509727626459144	2.42487569741013	-1.5	2.5	0	0	1	0.531128404669261	1.99512170432258	-1.5	2.5	0	0	1	0.618677042801556	2.20369205544296	-1.5	2.5
166	sctc_E2R3C2_4min	514	0.699096111985742	1.30312934029953e-76	0.859454969326153	0.835037701484968	0.880493432792144	2.6065643667887e-151	0	0	0	0.192607003891051	1.09574038506018	0	0	0	0	0	0.303501945525292	1.10523624925302	0	0	0	0	0	0.260700389105058	1.07157691807209	0	0
167	sctc_E2R3C1_50min	586	0.990380437292977	0	0.972873661352964	0.968168254147269	0.976891676148839	0	2	8	20	13.8686006825939	17.1222293785962	-25	47	2	7	18.75	12.2116040955631	14.0739051185421	-23.125	43.875	2	7	17	11.462457337884	12.9363777847775	-20.5	39.5
168	sctc_E2R3C2_50min	586	0.714738844151466	9.55775038678486e-93	0.855865663623045	0.832586056737847	0.876126956580755	2.29909470281323e-169	0	0	0	0.249146757679181	0.99539501533061	0	0	0	0	0	0.41296928327645	1.15917848411245	0	0	0	0	0	0.245733788395904	0.987628026512932	0	0
169	sctc_E2R3C1_55min	1208	0.988072405143393	0	0.979280604402185	0.976832368518953	0.981472548107105	0	2	7	21	14.7566225165563	19.2395281240388	-26.5	49.5	2	6	18	12.0554635761589	14.1537680463258	-22	42	2	6	17	12.1506622516556	14.334117546069	-20.5	39.5
170	sctc_E2R3C2_55min	1208	0.691550907804487	1.42727598980268e-172	0.911124436044123	0.901025476335845	0.92023617502566	0	0	0	0	0.366721854304636	2.72162505347162	0	0	0	0	0	0.348509933774834	1.43753601385118	0	0	0	0	0	0.257450331125828	1.51461615389412	0	0
171	sctc_E2R3C1_6min	1036	0.965853446965108	0	0.981220326014108	0.978810181014032	0.983358644803054	0	0	1	5	4.2992277992278	7.37231008062391	-7.5	12.5	0	1	4	3.55019305019305	5.837608368183	-6	10	0	1	5.25	4.28185328185328	6.68704846986743	-7.875	13.125
172	sctc_E2R3C2_6min	1036	0.956359124070954	0	0.968078038934915	0.9640118770968	0.971691402458836	0	0	0	1	2.41505791505792	5.61085258761337	-1.5	2.5	0	0	1	1.80501930501931	4.10662407040937	-1.5	2.5	0	0	1	2.01254826254826	4.55018573412776	-1.5	2.5
173	sctc_E2R3C1_8min	763	0.987411086707291	0	0.981080791570555	0.978221481233661	0.983567820198896	0	2	9	23	14.5203145478375	15.4234386825156	-29.5	54.5	2	8	19	11.8663171690695	12.2014136025	-23.5	44.5	2	10	19	12.8361730013106	12.6541166740088	-23.5	44.5
174	sctc_E2R3C2_8min	763	0.875966429375749	3.73477599976734e-243	0.846634838242665	0.825248709052001	0.865596447454791	1.14862962047113e-210	0	5	20	11.9986893840105	15.0053795554416	-30	50	0	2	12	7.21100917431193	10.4879025124886	-18	30	0	4	16	9.54521625163827	11.6210501171743	-24	40
