IMAGENAME	CH	ACTUAL_SPOTS	THI_HB	THI_BF	THI_HB_SPOTS	THI_BF_SPOTS	THF_HB_SPOTS	THF_BF_SPOTS
simvarmass_CY5L_0187fc2d	1	1885	265	143	943	1751	1306	1735
simvarmass_CY5L_03be411c	1	995	229	238	585	965	674	1226
simvarmass_CY5L_041707a3	1	620	33	229	564	598	418	832
simvarmass_CY5L_04cdf185	1	1968	97	180	1736	1840	1503	1831
simvarmass_CY5L_06ba1502	1	1120	36	265	1032	1074	758	1673
simvarmass_CY5L_07960359	1	2521	189	155	1725	2271	1736	2254
simvarmass_CY5L_07ecb936	1	2038	450	118	291	1851	1218	1831
simvarmass_CY5L_088d2413	1	986	75	276	908	969	812	2156
simvarmass_CY5L_08a8e0d5	1	1434	141	215	1019	1340	874	1412
simvarmass_CY5L_08c1fcc9	1	736	28	297	681	716	592	2470
simvarmass_CY5L_08f3289c	1	1631	31	247	1482	1567	1287	2303
simvarmass_CY5L_093ec882	1	1384	213	146	879	1284	972	1272
simvarmass_CY5L_0a302ca1	1	41	23	119	22	25	16	25
simvarmass_CY5L_0ad43798	1	1349	202	192	968	1267	1004	1278
simvarmass_CY5L_0b18a890	1	1119	35	237	1015	1072	913	1384
simvarmass_CY5L_0d37d952	1	1261	336	202	539	1201	989	1247
simvarmass_CY5L_10670cf2	1	1113	373	98	323	1052	802	1043
simvarmass_CY5L_107b9d3d	1	1058	145	133	842	1011	750	1006
simvarmass_CY5L_10eeafd5	1	1466	53	253	1335	1391	1162	1972
simvarmass_CY5L_10f3bb0a	1	1030	44	297	951	1016	684	2957
simvarmass_CY5L_11169287	1	738	34	209	678	728	444	782
simvarmass_CY5L_1134940f	1	1885	227	128	1246	1750	1427	1743
simvarmass_CY5L_12ac335e	1	1250	336	214	362	1179	739	1244
simvarmass_CY5L_13e08ce8	1	1868	350	146	540	1684	1133	1672
simvarmass_CY5L_14bcf616	1	642	38	196	590	616	417	625
simvarmass_CY5L_14dede87	1	193	24	204	167	171	121	178
simvarmass_CY5L_150a2128	1	1617	40	312	1455	1509	1092	3719
simvarmass_CY5L_1562ae4c	1	1874	429	98	344	1719	1168	1710
simvarmass_CY5L_167c7182	1	327	24	306	308	332	210	2414
simvarmass_CY5L_16a81823	1	670	31	149	611	637	561	629
simvarmass_CY5L_190a4024	1	1316	43	176	1208	1255	1043	1246
simvarmass_CY5L_1a06e206	1	1127	399	92	237	1052	757	1049
simvarmass_CY5L_1ac1b13a	1	1515	325	197	443	1392	933	1407
simvarmass_CY5L_1c94f091	1	1790	514	197	150	1674	1024	1695
simvarmass_CY5L_1c9c6a5f	1	706	56	174	654	681	455	679
simvarmass_CY5L_1d398611	1	1100	132	198	957	1053	821	1066
simvarmass_CY5L_1dc6dcaa	1	367	22	161	327	349	258	345
simvarmass_CY5L_1e495a5d	1	77	37	196	67	70	61	75
simvarmass_CY5L_1f0383ed	1	643	33	161	583	617	496	608
simvarmass_CY5L_1f2b45f8	1	1357	467	108	325	1251	1042	1245
simvarmass_CY5L_1f939cf0	1	1747	135	181	1518	1640	1365	1633
simvarmass_CY5L_201f7a2d	1	422	25	123	399	414	347	410
simvarmass_CY5L_22977c18	1	716	28	118	671	685	460	682
simvarmass_CY5L_22d33ae7	1	1592	620	283	145	1503	1261	2824
simvarmass_CY5L_237f4c72	1	2510	400	138	640	2283	1718	2271
simvarmass_CY5L_2554166f	1	363	23	89	324	337	203	336
simvarmass_CY5L_258ca893	1	2390	46	190	2059	2128	1341	2137
simvarmass_CY5L_25a36c92	1	1200	103	121	1009	1126	798	1124
simvarmass_CY5L_26f50e87	1	85	30	460	80	87	66	10857
simvarmass_CY5L_28d950c6	1	2052	340	183	1105	1890	1572	1889
simvarmass_CY5L_2c4ec817	1	2084	580	189	153	1906	1317	1911
simvarmass_CY5L_2cbc3d23	1	206	27	328	200	215	176	3274
simvarmass_CY5L_2ee74e9f	1	455	27	294	414	449	296	1815
simvarmass_CY5L_30cb6637	1	2077	71	148	1856	1937	1767	1920
simvarmass_CY5L_32a3aeb6	1	2161	367	144	581	1983	1352	1951
simvarmass_CY5L_33842744	1	2381	395	176	772	2186	1826	2181
simvarmass_CY5L_340e180a	1	2205	486	7	427	17005	1594	1998
simvarmass_CY5L_3411b650	1	1251	152	116	1125	1187	1066	1179
simvarmass_CY5L_3417dfb5	1	1726	73	128	1539	1602	1189	1587
simvarmass_CY5L_34ee1647	1	2272	506	122	418	2075	1845	2062
simvarmass_CY5L_35a74d8f	1	1070	36	157	977	1012	681	1009
simvarmass_CY5L_3ac13591	1	2264	505	7	409	18025	1813	2105
simvarmass_CY5L_3baeb3a0	1	566	28	258	535	558	437	1008
simvarmass_CY5L_3c3d0b00	1	47	21	85	39	41	30	41
simvarmass_CY5L_3ce660ee	1	1288	203	201	952	1241	1006	1263
simvarmass_CY5L_3f293d0a	1	2034	170	133	1487	1861	1393	1847
simvarmass_CY5L_3fbeb461	1	957	233	95	402	895	537	888
simvarmass_CY5L_404f03b0	1	2080	194	150	1514	1905	1535	1889
simvarmass_CY5L_432f525a	1	1011	396	106	214	967	627	959
simvarmass_CY5L_433b52eb	1	607	29	207	572	593	366	621
simvarmass_CY5L_445780d7	1	1928	360	129	599	1779	1344	1749
simvarmass_CY5L_463f3d0e	1	1455	361	95	613	1364	1149	1357
simvarmass_CY5L_481edd78	1	2236	201	178	1370	2032	1442	2021
simvarmass_CY5L_4824bda2	1	1733	403	193	715	1641	1516	1652
simvarmass_CY5L_4952c9ea	1	332	28	212	312	326	244	342
simvarmass_CY5L_4af3b5c2	1	1010	34	249	954	982	900	1317
simvarmass_CY5L_4b06e1a1	1	714	32	252	651	686	464	1120
simvarmass_CY5L_4b8f9368	1	213	31	259	192	208	181	743
simvarmass_CY5L_4ba4183d	1	2241	431	110	465	2018	1442	2013
simvarmass_CY5L_4e1231de	1	168	21	129	139	147	111	147
simvarmass_CY5L_500608c2	1	2515	53	104	2189	2248	1511	2238
simvarmass_CY5L_5090057d	1	1938	111	142	1611	1769	1285	1762
simvarmass_CY5L_525c29df	1	1447	174	175	1102	1386	1065	1379
simvarmass_CY5L_539f9527	1	403	26	155	379	395	301	391
simvarmass_CY5L_53d5d0cc	1	2003	337	175	521	1852	1229	1833
simvarmass_CY5L_5587e50e	1	1397	78	210	1228	1294	873	1345
simvarmass_CY5L_56136743	1	137	32	270	129	140	91	695
simvarmass_CY5L_56916148	1	1618	279	143	860	1529	1245	1517
simvarmass_CY5L_56d1e161	1	736	33	198	677	709	504	737
simvarmass_CY5L_57c005f7	1	189	24	317	183	194	165	2359
simvarmass_CY5L_592532aa	1	2181	247	87	988	1965	1288	1956
simvarmass_CY5L_595bdded	1	802	42	127	731	757	600	755
simvarmass_CY5L_5a0cca46	1	299	33	280	284	298	242	1227
simvarmass_CY5L_5ae7e106	1	889	35	230	811	859	659	1126
simvarmass_CY5L_5ca999d3	1	2098	494	194	319	1942	1408	1956
simvarmass_CY5L_5cdea545	1	1144	43	178	1047	1086	824	1081
simvarmass_CY5L_5d7bbad5	1	1716	590	100	155	1588	1207	1576
simvarmass_CY5L_5df9ec3e	1	1856	334	285	613	1723	1245	3353
simvarmass_CY5L_5f692ce6	1	777	37	216	720	755	533	822
simvarmass_CY5L_6133f4b1	1	944	472	150	136	906	697	899
simvarmass_CY5L_626c8c6a	1	1667	389	144	600	1557	1215	1542
simvarmass_CY5L_629fcaa9	1	154	29	195	120	140	93	147
simvarmass_CY5L_63a09921	1	1749	505	138	220	1642	1426	1625
simvarmass_CY5L_6421c005	1	849	165	100	588	795	541	791
simvarmass_CY5L_6464c463	1	1122	31	272	1025	1069	736	1860
simvarmass_CY5L_65b58cd3	1	7	17	255	2	11	2	625
simvarmass_CY5L_66024d2b	1	1841	349	205	784	1732	1501	1795
simvarmass_CY5L_69b6847f	1	1740	257	194	855	1607	1179	1620
simvarmass_CY5L_6b04b8c7	1	1281	198	158	996	1204	1029	1190
simvarmass_CY5L_6c359100	1	859	456	141	157	826	576	819
simvarmass_CY5L_6ce031d4	1	236	35	211	202	212	133	245
simvarmass_CY5L_6dab5181	1	1821	398	104	480	1675	1186	1663
simvarmass_CY5L_707ed63b	1	1472	357	105	438	1396	950	1378
simvarmass_CY5L_71057227	1	89	30	158	63	64	52	64
simvarmass_CY5L_750c4c5e	1	1580	377	208	598	1502	1140	1560
simvarmass_CY5L_75f255b1	1	1073	506	135	125	1018	675	1010
simvarmass_CY5L_76f02db6	1	2279	397	150	558	2071	1494	2067
simvarmass_CY5L_77874ae6	1	653	226	108	428	607	476	605
simvarmass_CY5L_78e70971	1	673	41	241	628	658	475	877
simvarmass_CY5L_7b75f26c	1	111	38	362	91	99	63	3013
simvarmass_CY5L_7b9b6f0f	1	1677	351	125	501	1532	1147	1521
simvarmass_CY5L_7c070caf	1	1055	384	120	393	997	827	994
simvarmass_CY5L_7d1a3c5b	1	1691	350	29	514	16538	1156	5183
simvarmass_CY5L_80c68fc4	1	1541	363	180	415	1414	949	1412
simvarmass_CY5L_80ee7cfe	1	1791	308	184	826	1656	1260	1655
simvarmass_CY5L_82f91e7d	1	6	21	247	2	16	2	579
simvarmass_CY5L_83a9584a	1	1735	333	153	588	1614	1210	1608
simvarmass_CY5L_83bd0ca8	1	503	30	151	456	470	349	467
simvarmass_CY5L_8410b31a	1	462	37	340	431	451	363	4920
simvarmass_CY5L_897bba36	1	2228	125	271	1821	2048	1526	3089
simvarmass_CY5L_8bf7b484	1	1219	390	114	527	1143	995	1137
simvarmass_CY5L_8d5d518f	1	1978	512	116	360	1822	1510	1812
simvarmass_CY5L_8e259b70	1	700	29	423	654	685	459	6905
simvarmass_CY5L_8f539d95	1	55	36	153	35	38	28	36
simvarmass_CY5L_8fe797af	1	1252	53	368	1153	1220	989	6022
simvarmass_CY5L_903c8326	1	1730	566	179	131	1609	1042	1597
simvarmass_CY5L_9094ab2c	1	2361	342	133	674	2124	1559	2107
simvarmass_CY5L_917b35e1	1	1077	33	123	980	1004	714	1000
simvarmass_CY5L_96198ad4	1	525	30	229	490	512	431	669
simvarmass_CY5L_96c4c192	1	565	73	214	513	547	384	585
simvarmass_CY5L_98343be9	1	2023	619	124	118	1875	1441	1851
simvarmass_CY5L_9877a8d3	1	9	20	227	4	33	2	243
simvarmass_CY5L_99a8eb4f	1	2219	306	90	1095	2008	1618	1996
simvarmass_CY5L_9a373e9b	1	357	27	78	317	330	261	329
simvarmass_CY5L_9ca8bccd	1	351	32	366	333	354	211	3585
simvarmass_CY5L_9d179fa5	1	1097	357	197	255	1016	654	1031
simvarmass_CY5L_9d99e333	1	965	182	123	795	903	788	893
simvarmass_CY5L_9f809585	1	2044	375	106	685	1894	1509	1884
simvarmass_CY5L_9f9145d3	1	2537	391	91	614	2269	1777	2262
simvarmass_CY5L_9fd2384a	1	1710	327	292	472	1580	940	3047
simvarmass_CY5L_a1312b66	1	362	25	224	337	367	247	507
simvarmass_CY5L_a430d118	1	434	30	157	392	413	316	405
simvarmass_CY5L_a4d6d0bb	1	705	34	178	655	689	468	686
simvarmass_CY5L_a6e00e93	1	2531	153	136	2039	2297	1883	2290
simvarmass_CY5L_a8047020	1	699	32	497	662	687	442	8971
simvarmass_CY5L_a96389e6	1	346	23	109	320	339	260	336
simvarmass_CY5L_aa2d1ead	1	1099	33	182	988	1041	664	1037
simvarmass_CY5L_ab31cf1e	1	326	20	101	295	308	267	304
simvarmass_CY5L_ab88b7cd	1	1723	323	159	640	1591	1159	1581
simvarmass_CY5L_abd7139e	1	2059	337	204	662	1894	1369	1960
simvarmass_CY5L_ad5b63fc	1	101	28	172	78	80	60	80
simvarmass_CY5L_addda019	1	741	244	167	378	712	480	710
simvarmass_CY5L_ae0bc257	1	895	397	114	141	842	474	837
simvarmass_CY5L_b001e10f	1	2078	434	176	482	1929	1584	1915
simvarmass_CY5L_b037e931	1	744	28	194	692	724	566	730
simvarmass_CY5L_b156f56a	1	2067	331	128	977	1898	1671	1887
simvarmass_CY5L_b1a1efeb	1	2364	352	246	915	2184	1748	2733
simvarmass_CY5L_b29fff8a	1	410	21	135	365	386	312	385
simvarmass_CY5L_b39363cd	1	2046	369	141	572	1882	1480	1871
simvarmass_CY5L_b4603be1	1	207	23	316	198	212	167	2394
simvarmass_CY5L_b4d3b176	1	1872	476	324	267	1775	1154	4847
simvarmass_CY5L_b5fe215d	1	2382	262	214	1185	2174	1667	2264
simvarmass_CY5L_b6e4ac56	1	1466	287	232	595	1383	937	1626
simvarmass_CY5L_b7717876	1	91	22	121	65	67	44	67
simvarmass_CY5L_b888945d	1	1125	42	222	1032	1076	782	1194
simvarmass_CY5L_b901537e	1	614	28	337	579	613	427	3647
simvarmass_CY5L_b95234dd	1	981	37	468	909	970	606	9204
simvarmass_CY5L_b9ca4f72	1	1441	458	225	257	1349	1023	1498
simvarmass_CY5L_bae90715	1	805	34	216	711	748	564	839
simvarmass_CY5L_bf680c47	1	584	23	182	533	564	354	564
simvarmass_CY5L_bfdb01fb	1	2142	453	79	422	1979	1607	1958
simvarmass_CY5L_c008c7b4	1	277	20	88	234	247	175	247
simvarmass_CY5L_c10f2b46	1	166	32	200	134	138	88	148
simvarmass_CY5L_c17e08be	1	47	24	177	23	31	19	28
simvarmass_CY5L_c335275c	1	1196	338	227	470	1164	917	1366
simvarmass_CY5L_c399cc8f	1	2080	205	176	1204	1886	1325	1877
simvarmass_CY5L_c39aeae8	1	1657	122	159	1340	1558	1038	1534
simvarmass_CY5L_c611a3c6	1	1510	283	99	813	1426	1151	1414
simvarmass_CY5L_c618c353	1	2386	104	127	1907	2138	1360	2127
simvarmass_CY5L_c761edd0	1	938	34	117	836	882	701	876
simvarmass_CY5L_c7c630f9	1	699	30	223	648	675	541	778
simvarmass_CY5L_ca22dc6d	1	369	26	169	338	355	241	352
simvarmass_CY5L_cad0905c	1	1968	210	128	1365	1821	1472	1813
simvarmass_CY5L_cafb1423	1	325	22	136	281	292	192	291
simvarmass_CY5L_cbaf43a3	1	663	29	166	618	635	390	633
simvarmass_CY5L_cc3478bc	1	347	30	436	327	347	218	7037
simvarmass_CY5L_ccdde8b6	1	2414	538	197	230	2224	1699	2244
simvarmass_CY5L_cd845f0f	1	1327	299	150	787	1267	1105	1257
simvarmass_CY5L_ceaa7951	1	134	31	218	127	133	103	184
simvarmass_CY5L_ced48015	1	2405	325	370	968	2227	1763	6845
simvarmass_CY5L_d0884605	1	1254	345	172	481	1190	909	1183
simvarmass_CY5L_d0f3ce7f	1	870	38	194	805	834	616	842
simvarmass_CY5L_d20eccaf	1	657	395	116	165	640	469	636
simvarmass_CY5L_d2a6c082	1	1101	25	144	987	1029	819	1026
simvarmass_CY5L_d477463f	1	887	26	160	817	855	668	846
simvarmass_CY5L_d4f5fc46	1	2430	149	140	1640	2143	1398	2128
simvarmass_CY5L_d52169a1	1	2059	237	139	1349	1898	1566	1883
simvarmass_CY5L_d67250cf	1	1540	210	315	801	1466	911	3494
simvarmass_CY5L_d7fd035a	1	524	38	276	487	512	362	1387
simvarmass_CY5L_d8102e43	1	1210	198	286	821	1165	861	2166
simvarmass_CY5L_d96fa1fa	1	699	26	166	641	664	397	660
simvarmass_CY5L_d9d7d7f1	1	1372	58	188	1249	1298	897	1299
simvarmass_CY5L_d9fc6491	1	2133	433	130	666	1977	1622	1966
simvarmass_CY5L_daa12408	1	2079	216	158	1152	1905	1293	1885
simvarmass_CY5L_dcbae292	1	1614	202	313	1002	1530	1073	3614
simvarmass_CY5L_dcd5f12f	1	1392	188	383	1063	1343	1066	7058
simvarmass_CY5L_dd038fa8	1	835	28	167	759	792	667	789
simvarmass_CY5L_df41bc25	1	1359	31	325	1238	1307	921	4623
simvarmass_CY5L_e158d5e9	1	1562	31	203	1382	1434	1138	1472
simvarmass_CY5L_e2d3c3ee	1	1126	36	168	1047	1081	976	1076
simvarmass_CY5L_e310b86e	1	651	33	247	597	648	435	1059
simvarmass_CY5L_e327cde7	1	856	36	178	786	833	593	828
simvarmass_CY5L_e3dfe44b	1	660	32	180	613	644	512	642
simvarmass_CY5L_e4216685	1	2422	364	111	712	2159	1692	2153
simvarmass_CY5L_e5434f9d	1	2197	402	123	738	2026	1674	2011
simvarmass_CY5L_e7479ac8	1	1290	455	133	416	1228	1005	1218
simvarmass_CY5L_e74aa8b1	1	72	42	206	63	65	49	77
simvarmass_CY5L_e89f6af0	1	1479	202	139	1060	1383	1112	1372
simvarmass_CY5L_e9a827f8	1	553	23	182	516	537	402	536
simvarmass_CY5L_e9b710b2	1	793	24	129	725	751	536	747
simvarmass_CY5L_ea8843b2	1	1510	206	131	836	1394	923	1389
simvarmass_CY5L_ec34d5b0	1	1340	619	114	168	1275	1032	1263
simvarmass_CY5L_ec47a6ad	1	361	24	172	321	333	242	333
simvarmass_CY5L_ec97f39a	1	2042	440	170	641	1903	1696	1897
simvarmass_CY5L_ef9dfecd	1	2261	408	337	487	2043	1378	4038
simvarmass_CY5L_efb30c9a	1	562	24	253	526	552	397	985
simvarmass_CY5L_f09f925c	1	924	27	160	840	886	680	880
simvarmass_CY5L_f16c4f04	1	969	359	117	284	909	673	905
simvarmass_CY5L_f3ca3027	1	918	212	134	503	880	582	871
simvarmass_CY5L_f4101ca1	1	1003	431	141	271	959	814	955
simvarmass_CY5L_f57370ec	1	1764	141	232	1487	1649	1308	1934
simvarmass_CY5L_f597b922	1	2216	219	216	1535	2071	1713	2177
simvarmass_CY5L_f687367f	1	263	21	100	221	233	200	231
simvarmass_CY5L_f71f2ae3	1	264	36	224	242	263	201	442
simvarmass_CY5L_fa5eacdd	1	1683	156	87	1130	1540	960	1533
simvarmass_CY5L_fa6ac544	1	2158	218	119	1263	1955	1410	1934
simvarmass_CY5L_fd058bc6	1	739	26	189	674	696	603	697
simvarmass_CY5L_fe7b94ae	1	1459	396	190	438	1381	1124	1389
simvarmass_CY5L_fe9feef3	1	674	27	166	613	642	430	634
simvarmass_CY5L_feb64b1c	1	1412	287	229	502	1333	888	1512
simvarmass_TMRL_00a36523	2	486	124	767	447	498	438	5413
simvarmass_TMRL_035bbb91	2	1023	91	239	949	1009	945	971
simvarmass_TMRL_03e9ae6e	2	2418	115	348	2111	2209	2108	2169
simvarmass_TMRL_0442bcde	2	1626	139	415	1459	1559	1459	1591
simvarmass_TMRL_051f2b11	2	1476	85	280	1359	1403	1345	1373
simvarmass_TMRL_0618c3c0	2	7	108	304	1080	8073	70	1486
simvarmass_TMRL_065cc51d	2	2180	101	561	1935	2088	1925	3620
simvarmass_TMRL_070849ff	2	859	76	168	781	820	780	808
simvarmass_TMRL_072b5701	2	1335	85	503	1218	1285	1202	1791
simvarmass_TMRL_091ea053	2	1523	133	142	1388	17552	1388	10112
simvarmass_TMRL_0c7f7779	2	877	96	311	792	841	774	818
simvarmass_TMRL_0d35ae2d	2	917	149	61	819	18529	828	942
simvarmass_TMRL_0d8365fd	2	1125	146	1007	1024	1158	1034	10425
simvarmass_TMRL_0efde4f6	2	2482	899	209	410	2288	2178	2253
simvarmass_TMRL_0f8520f7	2	621	148	547	533	603	537	1453
simvarmass_TMRL_11be5298	2	1093	158	517	997	1078	1021	1780
simvarmass_TMRL_12d1c501	2	1585	140	62	1418	15698	1418	2633
simvarmass_TMRL_132b0e1d	2	2193	82	254	1932	2039	1926	1988
simvarmass_TMRL_13951781	2	169	136	528	153	157	152	704
simvarmass_TMRL_144094e6	2	2370	143	73	2057	15187	2067	3795
simvarmass_TMRL_154fc139	2	1311	151	827	1202	1335	1212	12344
simvarmass_TMRL_169f172d	2	1326	185	709	1192	1319	1276	7105
simvarmass_TMRL_17945961	2	225	80	388	204	225	204	221
simvarmass_TMRL_17fcfcf4	2	2016	172	558	1756	1894	1805	3825
simvarmass_TMRL_19c9fe8a	2	2323	176	97	1887	14864	1981	6585
simvarmass_TMRL_1f6e6208	2	1883	96	259	1686	1778	1680	1743
simvarmass_TMRL_1fe9cbf5	2	1642	90	246	1475	1535	1471	1516
simvarmass_TMRL_20610138	2	413	104	404	368	397	366	397
simvarmass_TMRL_217a84bc	2	2345	103	486	2061	2212	2043	2847
simvarmass_TMRL_217b8a01	2	1941	120	547	1742	1915	1738	3678
simvarmass_TMRL_21a3efda	2	2185	145	327	1965	2081	1967	2001
simvarmass_TMRL_2338f30b	2	507	72	414	447	485	445	498
simvarmass_TMRL_235d3ca8	2	578	109	572	522	568	505	1363
simvarmass_TMRL_23e19e42	2	978	147	401	867	956	871	953
simvarmass_TMRL_23e7c892	2	2476	159	121	2136	16672	2155	8021
simvarmass_TMRL_24124f4a	2	669	120	139	2213	21025	1104	2656
simvarmass_TMRL_248aabc0	2	2198	110	433	1933	2025	1919	2114
simvarmass_TMRL_25a8a99e	2	503	180	175	439	18988	602	13336
simvarmass_TMRL_266202bc	2	1782	147	566	1532	1706	1546	3320
simvarmass_TMRL_273c5723	2	1795	116	302	1600	1681	1599	1648
simvarmass_TMRL_27986836	2	154	100	861	145	160	140	6622
simvarmass_TMRL_28dc6f47	2	1431	138	520	1294	1393	1294	2365
simvarmass_TMRL_2c8705eb	2	127	154	531	106	133	108	681
simvarmass_TMRL_2c8cbd79	2	628	83	335	587	630	582	608
simvarmass_TMRL_2db7b5fd	2	1385	164	194	1243	17295	1392	13211
simvarmass_TMRL_2e3f28f3	2	351	96	799	928	387	307	7199
simvarmass_TMRL_2ebdbaf0	2	780	159	555	703	772	725	1870
simvarmass_TMRL_2ef76c51	2	365	67	400	338	373	335	373
simvarmass_TMRL_32388b80	2	1696	126	89	1529	19736	1527	2284
simvarmass_TMRL_3374d92b	2	1373	129	336	1245	1329	1244	1280
simvarmass_TMRL_35c8d048	2	718	107	555	646	711	640	1791
simvarmass_TMRL_3bb5d83a	2	127	102	452	99	115	99	166
simvarmass_TMRL_3c29f86e	2	2334	83	314	2011	2116	1972	2073
simvarmass_TMRL_3d5487ce	2	2457	106	548	2104	2293	2061	3504
simvarmass_TMRL_3dab40da	2	1301	148	458	1200	1376	1200	1671
simvarmass_TMRL_40da6748	2	452	84	236	415	440	413	426
simvarmass_TMRL_4179b643	2	1165	150	521	1053	1133	1056	1935
simvarmass_TMRL_418898bd	2	1020	111	617	926	1003	915	2931
simvarmass_TMRL_4415117e	2	1523	73	258	1363	1439	1356	1407
simvarmass_TMRL_44d95a97	2	828	125	402	755	806	755	804
simvarmass_TMRL_4552f372	2	634	93	346	577	611	572	591
simvarmass_TMRL_456b410c	2	1348	179	201	1240	21270	1333	11565
simvarmass_TMRL_45b2c534	2	62	67	404	54	58	54	58
simvarmass_TMRL_46c8a8cf	2	423	162	138	384	19684	401	6677
simvarmass_TMRL_487e5f1d	2	2362	103	326	1985	2118	1935	2060
simvarmass_TMRL_492fc7d6	2	1340	144	763	1213	1337	1214	9501
simvarmass_TMRL_49455a7c	2	2360	96	414	2065	2168	2043	2192
simvarmass_TMRL_4a02cbce	2	386	68	320	351	380	349	367
simvarmass_TMRL_4aff60bf	2	1503	72	326	1379	1448	1371	1422
simvarmass_TMRL_4b89c98e	2	404	141	427	375	417	375	445
simvarmass_TMRL_4ca7c1f8	2	417	100	447	380	416	380	473
simvarmass_TMRL_4d299943	2	2425	131	321	2118	2228	2118	2197
simvarmass_TMRL_4db68b26	2	1346	127	306	1193	1289	1184	1237
simvarmass_TMRL_4e01ce8f	2	1332	142	849	1183	1311	1190	8023
simvarmass_TMRL_4ee7b39c	2	1543	92	324	1381	1476	1373	1430
simvarmass_TMRL_4fa41ff4	2	363	95	496	335	360	334	564
simvarmass_TMRL_5050c5eb	2	402	108	418	374	416	370	438
simvarmass_TMRL_51aca410	2	848	127	451	749	824	743	955
simvarmass_TMRL_531f2826	2	27	75	481	1258	33	6	329
simvarmass_TMRL_54048b1d	2	2167	147	409	1881	2022	1887	2038
simvarmass_TMRL_54a4ef33	2	545	72	436	498	534	485	562
simvarmass_TMRL_54df1a75	2	1612	137	125	1439	16811	1439	8404
simvarmass_TMRL_55394eb0	2	2437	137	95	2126	18312	2126	3082
simvarmass_TMRL_577ce5ca	2	2329	169	677	1907	2191	1977	6054
simvarmass_TMRL_58abd6b5	2	630	160	126	551	20086	640	4862
simvarmass_TMRL_59ada9e0	2	1232	136	752	1096	1213	1095	6035
simvarmass_TMRL_5bb3b255	2	1844	172	633	1675	1864	1797	6183
simvarmass_TMRL_5d617c83	2	2367	77	303	2082	2174	2057	2117
simvarmass_TMRL_5fefc118	2	1828	169	584	1571	1743	1635	3671
simvarmass_TMRL_600a446c	2	736	130	431	666	714	666	766
simvarmass_TMRL_6040aa37	2	1019	114	358	922	1002	917	961
simvarmass_TMRL_604ef355	2	1816	190	626	1603	1741	1885	5622
simvarmass_TMRL_617d8a56	2	2286	144	108	1974	15410	1993	8045
simvarmass_TMRL_633d3698	2	1153	180	561	1024	1104	1040	2279
simvarmass_TMRL_64f6c0b0	2	2035	104	424	1783	1914	1754	1977
simvarmass_TMRL_6676fd5c	2	2476	72	305	2193	2273	2148	2242
simvarmass_TMRL_66b77acd	2	417	108	477	384	402	374	512
simvarmass_TMRL_6984e828	2	2425	154	434	2117	2296	2138	2435
simvarmass_TMRL_6c313417	2	50	134	780	43	56	42	4609
simvarmass_TMRL_6c6e2c30	2	2350	83	520	2105	2226	2092	2937
simvarmass_TMRL_6dc88c32	2	120	72	309	93	103	93	99
simvarmass_TMRL_6e8cb638	2	2280	906	325	370	2132	1995	2068
simvarmass_TMRL_6ef7c896	2	28	102	111	96	17653	8	2455
simvarmass_TMRL_70a83343	2	1055	161	136	914	18457	997	9053
simvarmass_TMRL_721e1aef	2	605	122	471	557	598	555	794
simvarmass_TMRL_72d333b8	2	2309	173	656	2063	2248	2237	7648
simvarmass_TMRL_79b3efaf	2	170	93	440	150	163	149	185
simvarmass_TMRL_7a76b5a4	2	767	122	557	695	762	695	2308
simvarmass_TMRL_7c6cea1c	2	1124	96	318	1007	1077	988	1049
simvarmass_TMRL_7d35c0dc	2	869	152	125	777	19826	783	6984
simvarmass_TMRL_7d3e1a6f	2	554	153	659	490	573	514	4079
simvarmass_TMRL_7d4309e5	2	1547	177	70	1349	17734	1371	2170
simvarmass_TMRL_7e9c2032	2	1299	119	387	1186	1262	1178	1245
simvarmass_TMRL_7ed3b3eb	2	845	91	486	768	824	747	1061
simvarmass_TMRL_7fab4291	2	1343	83	198	1218	1287	1212	1258
simvarmass_TMRL_7fbc4fc0	2	725	115	81	679	18282	674	4758
simvarmass_TMRL_80fee400	2	2214	181	888	1967	2132	2018	11190
simvarmass_TMRL_8160d8bc	2	1629	82	240	1463	1542	1452	1504
simvarmass_TMRL_81924417	2	1841	195	193	1602	18619	1745	12369
simvarmass_TMRL_81c5ded7	2	693	102	324	621	683	621	656
simvarmass_TMRL_833b30e6	2	906	78	299	795	856	757	833
simvarmass_TMRL_83872c3e	2	1638	93	261	1469	1553	1455	1515
simvarmass_TMRL_846117a2	2	2225	106	428	1997	2095	1928	2178
simvarmass_TMRL_853a3a38	2	2166	163	99	1800	15512	1873	5758
simvarmass_TMRL_87569aa8	2	974	130	557	863	983	858	2195
simvarmass_TMRL_879db323	2	1975	133	61	1727	16236	1723	2466
simvarmass_TMRL_87e73254	2	404	163	215	375	17574	520	14491
simvarmass_TMRL_898211e5	2	1355	102	317	1238	1292	1235	1266
simvarmass_TMRL_8c95d1ab	2	1346	76	304	1194	1262	1167	1233
simvarmass_TMRL_8d74bdc9	2	1382	151	454	1241	1373	1246	1606
simvarmass_TMRL_8e20de30	2	2319	82	60	2051	18538	2043	2107
simvarmass_TMRL_8ea5cf01	2	2540	161	447	2131	2367	2168	2604
simvarmass_TMRL_8f54885b	2	2421	137	353	2124	2261	2124	2188
simvarmass_TMRL_91852647	2	1923	114	484	1686	1785	1662	2124
simvarmass_TMRL_92519093	2	1509	80	317	1364	1463	1359	1414
simvarmass_TMRL_92f018f0	2	993	101	279	892	958	879	933
simvarmass_TMRL_94722e72	2	643	87	358	596	635	596	620
simvarmass_TMRL_97fa77e2	2	21	96	257	306	17544	20	14147
simvarmass_TMRL_9a4dbf7c	2	1548	140	88	1377	16408	1382	4786
simvarmass_TMRL_9ab65de4	2	1179	142	653	1047	1180	1049	4153
simvarmass_TMRL_9b2e6352	2	1947	150	543	1770	1877	1779	3354
simvarmass_TMRL_9b8222e8	2	1198	174	749	1065	1256	1183	7216
simvarmass_TMRL_9be462c3	2	702	132	758	644	750	644	6976
simvarmass_TMRL_9d78b00c	2	467	77	453	444	474	442	538
simvarmass_TMRL_9db466e8	2	1207	112	393	1088	1180	1077	1170
simvarmass_TMRL_9e2ebb0b	2	1854	133	448	1676	1818	1674	2031
simvarmass_TMRL_a25afbb5	2	2341	131	382	2048	2171	2046	2131
simvarmass_TMRL_a2e1fcdd	2	776	98	605	723	774	720	2786
simvarmass_TMRL_a566aba4	2	444	105	514	386	468	385	1182
simvarmass_TMRL_a62aa723	2	1150	143	74	1029	18703	1030	1335
simvarmass_TMRL_a66b9c69	2	536	168	156	496	22308	505	6488
simvarmass_TMRL_a72b8843	2	1286	83	365	1165	1225	1146	1199
simvarmass_TMRL_a72f8a37	2	618	147	232	594	20475	600	16203
simvarmass_TMRL_a8db5834	2	256	142	706	215	252	217	4260
simvarmass_TMRL_aa416f85	2	2037	148	898	1772	1956	1800	8945
simvarmass_TMRL_aa62ca2c	2	1866	110	351	1647	1750	1624	1707
simvarmass_TMRL_ac8b146d	2	2019	75	477	1780	1874	1705	2137
simvarmass_TMRL_ad3cc05c	2	1445	175	596	1297	1393	1328	3661
simvarmass_TMRL_ae6ab853	2	1826	190	159	1628	18025	1673	10764
simvarmass_TMRL_af462d76	2	420	137	481	349	399	349	663
simvarmass_TMRL_afc93458	2	1511	171	281	1364	21391	1457	18675
simvarmass_TMRL_afda365f	2	2256	258	240	1963	2103	2011	2062
simvarmass_TMRL_b07da363	2	1552	157	714	1416	1547	1422	6378
simvarmass_TMRL_b1062cd2	2	1120	86	310	1031	1076	1025	1052
simvarmass_TMRL_b1617b06	2	1273	138	460	1142	1227	1142	1370
simvarmass_TMRL_b2a1181c	2	2027	148	529	1808	1972	1820	3418
simvarmass_TMRL_b53fd232	2	377	204	499	338	393	430	843
simvarmass_TMRL_b58de1b6	2	1696	114	377	1521	1620	1500	1598
simvarmass_TMRL_b689c4d9	2	1831	88	328	1651	1719	1640	1702
simvarmass_TMRL_b8c4544d	2	293	162	483	264	292	265	546
simvarmass_TMRL_ba74c496	2	448	147	560	396	437	397	1476
simvarmass_TMRL_bb5e8dac	2	891	160	181	856	18009	1019	12801
simvarmass_TMRL_bbb2fa80	2	405	114	434	370	409	369	455
simvarmass_TMRL_bc410f7e	2	1615	174	202	1446	19350	1501	14163
simvarmass_TMRL_bdd06456	2	2057	138	578	1758	1932	1760	3628
simvarmass_TMRL_be862ff3	2	363	54	535	13064	369	337	957
simvarmass_TMRL_beac175f	2	1991	124	82	1718	15454	1694	5447
simvarmass_TMRL_beb8d9ce	2	280	81	403	256	288	252	288
simvarmass_TMRL_bebc9568	2	613	190	814	570	640	680	8270
simvarmass_TMRL_bf32f465	2	622	171	733	566	645	583	6767
simvarmass_TMRL_bfe94955	2	1318	127	509	1209	1300	1203	1924
simvarmass_TMRL_c0010e10	2	1701	127	105	1533	17091	1532	8265
simvarmass_TMRL_c0213033	2	2467	86	470	2145	2274	2126	2528
simvarmass_TMRL_c02b436f	2	1345	91	287	1210	1273	1199	1249
simvarmass_TMRL_c0f004c4	2	1704	146	414	1506	1646	1510	1679
simvarmass_TMRL_c1621bcc	2	554	114	513	506	559	504	1139
simvarmass_TMRL_c1dbffdc	2	1138	87	233	1027	1091	1024	1064
simvarmass_TMRL_c25f7281	2	1591	108	100	1440	19094	1437	3426
simvarmass_TMRL_c286e651	2	276	73	313	262	283	259	265
simvarmass_TMRL_c37876a5	2	762	133	411	657	734	654	746
simvarmass_TMRL_c403b364	2	301	88	500	261	295	256	530
simvarmass_TMRL_c4241d45	2	1396	95	209	1279	1338	1274	1317
simvarmass_TMRL_c465b212	2	2531	152	83	2167	15386	2243	4852
simvarmass_TMRL_c724cf94	2	2075	157	83	1789	15636	1832	4057
simvarmass_TMRL_c773909b	2	887	102	530	827	925	824	1926
simvarmass_TMRL_c8168f67	2	1552	138	482	1364	1516	1365	1885
simvarmass_TMRL_c845118f	2	476	105	348	425	447	424	438
simvarmass_TMRL_c97de8d3	2	376	169	656	352	368	669	4753
simvarmass_TMRL_cc84932a	2	2255	138	462	1976	2105	1976	2350
simvarmass_TMRL_ce31054b	2	289	99	663	254	287	254	3487
simvarmass_TMRL_ce40b073	2	1139	160	730	1013	1121	1024	6212
simvarmass_TMRL_cff585d1	2	1053	124	456	950	1035	947	1199
simvarmass_TMRL_d12eec9e	2	549	65	234	504	523	497	519
simvarmass_TMRL_d2c8fb9a	2	475	73	396	453	483	450	480
simvarmass_TMRL_d2d73305	2	1255	183	589	1038	1236	1086	2963
simvarmass_TMRL_d311a735	2	135	124	145	426	20478	214	7519
simvarmass_TMRL_d3939da3	2	2504	120	617	2238	2342	2231	5047
simvarmass_TMRL_d497b2ec	2	1870	173	156	1614	18334	1664	10508
simvarmass_TMRL_d4d47896	2	1003	149	223	937	22250	937	15368
simvarmass_TMRL_d5a7c403	2	1168	107	347	1075	1141	1075	1120
simvarmass_TMRL_d7bbd0e2	2	2032	106	366	1811	1922	1804	1886
simvarmass_TMRL_d8b2080a	2	409	135	112	370	18953	370	7286
simvarmass_TMRL_d8f4a6ae	2	1958	131	55	1723	18630	1721	1779
simvarmass_TMRL_d9f4557f	2	1315	128	376	1138	1268	1130	1240
simvarmass_TMRL_db34801c	2	2242	542	455	1080	2076	1954	2210
simvarmass_TMRL_db5f4d7e	2	1287	175	128	1148	19561	1201	5424
simvarmass_TMRL_dc02391f	2	2259	164	701	1921	2229	1959	6503
simvarmass_TMRL_dcd948ad	2	1031	97	432	940	1002	922	1059
simvarmass_TMRL_dd7166d2	2	2456	1131	40	349	18586	2192	2248
simvarmass_TMRL_de87cb98	2	1859	144	451	1594	1774	1602	2013
simvarmass_TMRL_e2d70a40	2	623	103	287	571	616	570	597
simvarmass_TMRL_e587ecca	2	1166	160	616	1059	1188	1098	4719
simvarmass_TMRL_e6bb8457	2	1159	72	428	1060	1112	1040	1137
simvarmass_TMRL_e79f6619	2	1716	158	148	1502	17078	1519	10177
simvarmass_TMRL_ea7ac772	2	41	50	279	33	10	8	8
simvarmass_TMRL_eaeb7500	2	2381	123	316	1996	2135	1976	2047
simvarmass_TMRL_ebd071e5	2	2555	145	96	2227	15867	2233	6575
simvarmass_TMRL_ec03aa6c	2	454	194	1123	412	502	547	13071
simvarmass_TMRL_ed5a8d2f	2	1062	143	697	957	1076	967	5398
simvarmass_TMRL_eddd606c	2	93	77	272	82	103	82	83
simvarmass_TMRL_f023a4b4	2	101	105	620	92	118	86	1656
simvarmass_TMRL_f0f3a4a2	2	1362	69	362	1233	1284	1207	1278
simvarmass_TMRL_f24946d7	2	1217	154	614	1098	1208	1108	3483
simvarmass_TMRL_f4a57b9f	2	460	176	494	407	455	411	896
simvarmass_TMRL_f5c16209	2	1638	120	439	1464	1555	1460	1645
simvarmass_TMRL_f7e45d35	2	1213	86	52	1111	18354	1105	1372
simvarmass_TMRL_f8a97aae	2	1588	91	310	1432	1508	1427	1492
simvarmass_TMRL_f9a98ebb	2	140	136	1203	137	181	136	21656
simvarmass_TMRL_f9aea244	2	2358	157	120	2049	15822	2067	9179
simvarmass_TMRL_fa2aaf75	2	2270	156	149	1986	16538	2039	9727
simvarmass_TMRL_faf6135e	2	2066	154	695	1815	1969	1824	6708
simvarmass_TMRL_fbfb73de	2	1239	146	519	1096	1193	1100	2041
simvarmass_TMRL_fc1513a8	2	1861	137	689	1649	1795	1649	5159
simvarmass_TMRL_fc5b60a0	2	227	149	728	220	260	284	4880
simvarmass_TMRL_fc9ef2d1	2	1668	146	388	1487	1614	1487	1580
simvarmass_TMRL_fdb9a44a	2	1252	163	567	1114	1205	1138	2792
simvarmass_TMRL_fe259400	2	1383	79	447	1248	1300	1219	1371
simvarmass_TMRL_feb3ab2e	2	1258	154	203	1150	20867	1160	11989
simvarmass_TMRL_ff787d2e	2	2275	130	536	2023	2217	2020	3754
simvarmass_TMRL_ffeace8a	2	1248	125	449	1103	1195	1093	1295
