IMAGENAME	EXP	REP	TIME	I_NUM	CH	THVAL_HB	THSPOTS_HB	THVAL_BF	THSPOTS_BF
sctc_E1R1_0m_I1_STL1	1	1	0	1	1	94	443	190	417
sctc_E1R1_0m_I1_CTT1	1	1	0	1	2	128	297	339	508
sctc_E1R1_0m_I2_STL1	1	1	0	2	1	83	196	175	231
sctc_E1R1_0m_I2_CTT1	1	1	0	2	2	120	494	296	874
sctc_E1R1_0m_I3_STL1	1	1	0	3	1	75	371	171	365
sctc_E1R1_0m_I3_CTT1	1	1	0	3	2	136	557	394	664
sctc_E1R1_0m_I4_STL1	1	1	0	4	1	67	287	169	310
sctc_E1R1_0m_I4_CTT1	1	1	0	4	2	147	349	46	82815
sctc_E1R1_10m_I1_STL1	1	1	10	1	1	88	4139	169	3166
sctc_E1R1_10m_I1_CTT1	1	1	10	1	2	188	4465	141	2979
sctc_E1R1_10m_I2_STL1	1	1	10	2	1	86	3081	161	2489
sctc_E1R1_10m_I2_CTT1	1	1	10	2	2	142	3242	147	2166
sctc_E1R1_10m_I3_STL1	1	1	10	3	1	81	3547	163	2948
sctc_E1R1_10m_I3_CTT1	1	1	10	3	2	163	3752	150	2773
sctc_E1R1_10m_I4_STL1	1	1	10	4	1	83	4020	163	3372
sctc_E1R1_10m_I4_CTT1	1	1	10	4	2	192	4921	179	3296
sctc_E1R1_15m_I1_STL1	1	1	15	1	1	93	4490	254	4205
sctc_E1R1_15m_I1_CTT1	1	1	15	1	2	210	5004	169	4122
sctc_E1R1_15m_I2_STL1	1	1	15	2	1	85	7400	215	7639
sctc_E1R1_15m_I2_CTT1	1	1	15	2	2	199	5930	176	5405
sctc_E1R1_15m_I3_STL1	1	1	15	3	1	109	6600	217	5305
sctc_E1R1_15m_I3_CTT1	1	1	15	3	2	181	5834	142	4372
sctc_E1R1_15m_I4_STL1	1	1	15	4	1	92	7157	224	5429
sctc_E1R1_15m_I4_CTT1	1	1	15	4	2	194	6749	181	5185
sctc_E1R1_1m_I1_STL1	1	1	1	1	1	72	164	176	216
sctc_E1R1_1m_I1_CTT1	1	1	1	1	2	125	160	299	595
sctc_E1R1_1m_I2_STL1	1	1	1	2	1	74	93	204	106
sctc_E1R1_1m_I2_CTT1	1	1	1	2	2	122	131	100	38888
sctc_E1R1_1m_I3_STL1	1	1	1	3	1	81	329	151	400
sctc_E1R1_1m_I3_CTT1	1	1	1	3	2	148	137	357	383
sctc_E1R1_1m_I4_STL1	1	1	1	4	1	74	114	191	141
sctc_E1R1_1m_I4_CTT1	1	1	1	4	2	129	108	271	944
sctc_E1R1_20m_I1_STL1	1	1	20	1	1	116	10941	223	9656
sctc_E1R1_20m_I1_CTT1	1	1	20	1	2	176	4234	303	3817
sctc_E1R1_20m_I2_STL1	1	1	20	2	1	89	10263	260	7990
sctc_E1R1_20m_I2_CTT1	1	1	20	2	2	166	4201	393	3898
sctc_E1R1_20m_I3_STL1	1	1	20	3	1	102	8834	213	8070
sctc_E1R1_20m_I3_CTT1	1	1	20	3	2	164	3355	385	3176
sctc_E1R1_20m_I4_STL1	1	1	20	4	1	86	9467	267	8461
sctc_E1R1_20m_I4_CTT1	1	1	20	4	2	166	4575	287	4126
sctc_E1R1_25m_I1_STL1	1	1	25	1	1	74	3975	249	3679
sctc_E1R1_25m_I1_CTT1	1	1	25	1	2	143	565	172	29287
sctc_E1R1_25m_I2_STL1	1	1	25	2	1	75	3244	210	3421
sctc_E1R1_25m_I2_CTT1	1	1	25	2	2	149	412	163	31221
sctc_E1R1_25m_I3_STL1	1	1	25	3	1	70	2914	198	2810
sctc_E1R1_25m_I3_CTT1	1	1	25	3	2	129	435	551	463
sctc_E1R1_25m_I4_STL1	1	1	25	4	1	70	3169	210	2926
sctc_E1R1_25m_I4_CTT1	1	1	25	4	2	145	406	659	430
sctc_E1R1_2m_I1_STL1	1	1	2	1	1	65	80	161	96
sctc_E1R1_2m_I1_CTT1	1	1	2	1	2	109	135	261	507
sctc_E1R1_2m_I2_STL1	1	1	2	2	1	76	78	164	100
sctc_E1R1_2m_I2_CTT1	1	1	2	2	2	109	114	204	388
sctc_E1R1_2m_I3_STL1	1	1	2	3	1	70	166	155	186
sctc_E1R1_2m_I3_CTT1	1	1	2	3	2	116	76	43	84286
sctc_E1R1_2m_I4_STL1	1	1	2	4	1	79	208	169	239
sctc_E1R1_2m_I4_CTT1	1	1	2	4	2	121	146	72	55399
sctc_E1R1_30m_I1_STL1	1	1	30	1	1	73	5853	204	5846
sctc_E1R1_30m_I1_CTT1	1	1	30	1	2	154	280	94	55240
sctc_E1R1_30m_I2_STL1	1	1	30	2	1	76	6515	194	6443
sctc_E1R1_30m_I2_CTT1	1	1	30	2	2	186	223	495	394
sctc_E1R1_30m_I3_STL1	1	1	30	3	1	80	5698	180	6380
sctc_E1R1_30m_I3_CTT1	1	1	30	3	2	168	233	480	286
sctc_E1R1_30m_I4_STL1	1	1	30	4	1	84	7137	143	8025
sctc_E1R1_30m_I4_CTT1	1	1	30	4	2	170	246	441	348
sctc_E1R1_35m_I1_STL1	1	1	35	1	1	72	966	187	984
sctc_E1R1_35m_I1_CTT1	1	1	35	1	2	123	85	101	38383
sctc_E1R1_35m_I2_STL1	1	1	35	2	1	73	1134	151	1261
sctc_E1R1_35m_I2_CTT1	1	1	35	2	2	120	93	64	61196
sctc_E1R1_35m_I3_STL1	1	1	35	3	1	66	1257	139	1430
sctc_E1R1_35m_I3_CTT1	1	1	35	3	2	118	118	96	40161
sctc_E1R1_35m_I4_STL1	1	1	35	4	1	63	1099	142	1148
sctc_E1R1_35m_I4_CTT1	1	1	35	4	2	116	171	451	312
sctc_E1R1_40m_I1_STL1	1	1	40	1	1	81	1330	179	1344
sctc_E1R1_40m_I1_CTT1	1	1	40	1	2	119	106	82	52646
sctc_E1R1_40m_I2_STL1	1	1	40	2	1	75	984	166	919
sctc_E1R1_40m_I2_CTT1	1	1	40	2	2	129	140	98	39815
sctc_E1R1_40m_I3_STL1	1	1	40	3	1	73	2510	177	2439
sctc_E1R1_40m_I3_CTT1	1	1	40	3	2	143	122	345	2116
sctc_E1R1_40m_I4_STL1	1	1	40	4	1	72	3139	188	3122
sctc_E1R1_40m_I4_CTT1	1	1	40	4	2	147	158	517	254
sctc_E1R1_45m_I1_STL1	1	1	45	1	1	80	2071	172	2027
sctc_E1R1_45m_I1_CTT1	1	1	45	1	2	147	92	69	65936
sctc_E1R1_45m_I2_STL1	1	1	45	2	1	88	3701	165	3732
sctc_E1R1_45m_I2_CTT1	1	1	45	2	2	167	96	216	15246
sctc_E1R1_45m_I3_STL1	1	1	45	3	1	70	2521	188	2491
sctc_E1R1_45m_I3_CTT1	1	1	45	3	2	151	87	130	19656
sctc_E1R1_45m_I4_STL1	1	1	45	4	1	74	3413	194	3028
sctc_E1R1_45m_I4_CTT1	1	1	45	4	2	138	132	88	58331
sctc_E1R1_4m_I1_STL1	1	1	4	1	1	80	461	174	527
sctc_E1R1_4m_I1_CTT1	1	1	4	1	2	134	190	66	79000
sctc_E1R1_4m_I2_STL1	1	1	4	2	1	73	145	194	238
sctc_E1R1_4m_I2_CTT1	1	1	4	2	2	127	196	306	855
sctc_E1R1_4m_I3_STL1	1	1	4	3	1	77	610	210	628
sctc_E1R1_4m_I3_CTT1	1	1	4	3	2	140	153	125	25696
sctc_E1R1_4m_I4_STL1	1	1	4	4	1	79	138	182	212
sctc_E1R1_4m_I4_CTT1	1	1	4	4	2	128	144	232	1767
sctc_E1R1_50m_I1_STL1	1	1	50	1	1	69	1141	161	1017
sctc_E1R1_50m_I1_CTT1	1	1	50	1	2	125	106	113	39375
sctc_E1R1_50m_I2_STL1	1	1	50	2	1	69	1672	178	1632
sctc_E1R1_50m_I2_CTT1	1	1	50	2	2	136	93	129	38302
sctc_E1R1_50m_I3_STL1	1	1	50	3	1	71	1233	161	1253
sctc_E1R1_50m_I3_CTT1	1	1	50	3	2	183	19	94	45099
sctc_E1R1_55m_I1_STL1	1	1	55	1	1	92	2803	214	2625
sctc_E1R1_55m_I1_CTT1	1	1	55	1	2	147	115	67	74423
sctc_E1R1_55m_I2_STL1	1	1	55	2	1	98	4552	245	4418
sctc_E1R1_55m_I2_CTT1	1	1	55	2	2	158	143	71	67571
sctc_E1R1_55m_I3_STL1	1	1	55	3	1	83	4007	147	3608
sctc_E1R1_55m_I3_CTT1	1	1	55	3	2	148	226	302	8843
sctc_E1R1_55m_I4_STL1	1	1	55	4	1	91	3269	234	3037
sctc_E1R1_55m_I4_CTT1	1	1	55	4	2	154	142	126	48014
sctc_E1R1_6m_I1_STL1	1	1	6	1	1	50	568	115	539
sctc_E1R1_6m_I1_CTT1	1	1	6	1	2	131	645	167	437
sctc_E1R1_6m_I2_STL1	1	1	6	2	1	66	38	88	154
sctc_E1R1_6m_I2_CTT1	1	1	6	2	2	106	768	263	369
sctc_E1R1_6m_I3_STL1	1	1	6	3	1	78	1590	111	1316
sctc_E1R1_6m_I3_CTT1	1	1	6	3	2	167	764	146	502
sctc_E1R1_6m_I4_STL1	1	1	6	4	1	80	2111	173	1813
sctc_E1R1_6m_I4_CTT1	1	1	6	4	2	155	1527	163	1010
sctc_E1R1_8m_I1_STL1	1	1	8	1	1	83	8576	250	6657
sctc_E1R1_8m_I1_CTT1	1	1	8	1	2	187	7668	582	566
sctc_E1R1_8m_I2_STL1	1	1	8	2	1	94	7249	140	5469
sctc_E1R1_8m_I2_CTT1	1	1	8	2	2	190	5605	144	3995
sctc_E1R1_8m_I3_STL1	1	1	8	3	1	82	8851	168	6953
sctc_E1R1_8m_I3_CTT1	1	1	8	3	2	228	7166	168	5224
sctc_E1R1_8m_I4_STL1	1	1	8	4	1	79	9232	224	7189
sctc_E1R1_8m_I4_CTT1	1	1	8	4	2	195	7683	155	5508
sctc_E1R2_0m_I1_STL1	1	2	0	1	1	82	270	169	310
sctc_E1R2_0m_I1_CTT1	1	2	0	1	2	139	419	48	90569
sctc_E1R2_0m_I2_STL1	1	2	0	2	1	71	381	183	341
sctc_E1R2_0m_I2_CTT1	1	2	0	2	2	138	556	127	48156
sctc_E1R2_0m_I3_STL1	1	2	0	3	1	80	193	175	232
sctc_E1R2_0m_I3_CTT1	1	2	0	3	2	128	393	94	57753
sctc_E1R2_0m_I4_STL1	1	2	0	4	1	76	468	188	421
sctc_E1R2_0m_I4_CTT1	1	2	0	4	2	142	218	81	72918
sctc_E1R2_10m_I1_STL1	1	2	10	1	1	52	5511	148	4017
sctc_E1R2_10m_I1_CTT1	1	2	10	1	2	165	4230	156	2902
sctc_E1R2_10m_I2_STL1	1	2	10	2	1	80	8347	290	3533
sctc_E1R2_10m_I2_CTT1	1	2	10	2	2	175	5932	59	28807
sctc_E1R2_10m_I3_STL1	1	2	10	3	1	45	7419	168	4344
sctc_E1R2_10m_I3_CTT1	1	2	10	3	2	165	6847	62	28820
sctc_E1R2_10m_I4_STL1	1	2	10	4	1	86	6390	189	4221
sctc_E1R2_10m_I4_CTT1	1	2	10	4	2	168	4351	45	27862
sctc_E1R2_15m_I1_STL1	1	2	15	1	1	79	8295	325	6362
sctc_E1R2_15m_I1_CTT1	1	2	15	1	2	163	6264	170	4464
sctc_E1R2_15m_I2_STL1	1	2	15	2	1	95	5726	240	4384
sctc_E1R2_15m_I2_CTT1	1	2	15	2	2	160	5528	194	3696
sctc_E1R2_15m_I3_STL1	1	2	15	3	1	106	8642	266	7197
sctc_E1R2_15m_I3_CTT1	1	2	15	3	2	180	6751	175	4976
sctc_E1R2_15m_I4_STL1	1	2	15	4	1	68	6706	136	5643
sctc_E1R2_15m_I4_CTT1	1	2	15	4	2	163	5958	216	4499
sctc_E1R2_1m_I1_STL1	1	2	1	1	1	73	148	220	302
sctc_E1R2_1m_I1_CTT1	1	2	1	1	2	141	125	425	698
sctc_E1R2_1m_I2_STL1	1	2	1	2	1	79	141	224	186
sctc_E1R2_1m_I2_CTT1	1	2	1	2	2	141	107	94	66474
sctc_E1R2_1m_I3_STL1	1	2	1	3	1	78	104	215	331
sctc_E1R2_1m_I3_CTT1	1	2	1	3	2	137	106	84	62681
sctc_E1R2_1m_I4_STL1	1	2	1	4	1	90	109	194	145
sctc_E1R2_1m_I4_CTT1	1	2	1	4	2	164	113	514	289
sctc_E1R2_20m_I1_STL1	1	2	20	1	1	110	14521	242	11806
sctc_E1R2_20m_I1_CTT1	1	2	20	1	2	172	4946	353	4037
sctc_E1R2_20m_I2_STL1	1	2	20	2	1	103	14923	269	11564
sctc_E1R2_20m_I2_CTT1	1	2	20	2	2	177	4590	207	28695
sctc_E1R2_20m_I3_STL1	1	2	20	3	1	97	13067	277	10308
sctc_E1R2_20m_I3_CTT1	1	2	20	3	2	184	4310	362	3961
sctc_E1R2_20m_I4_STL1	1	2	20	4	1	89	14069	222	11460
sctc_E1R2_20m_I4_CTT1	1	2	20	4	2	170	4624	430	4467
sctc_E1R2_25m_I1_STL1	1	2	25	1	1	112	1605	219	1599
sctc_E1R2_25m_I1_CTT1	1	2	25	1	2	117	863	143	26527
sctc_E1R2_25m_I2_STL1	1	2	25	2	1	79	1686	234	1691
sctc_E1R2_25m_I2_CTT1	1	2	25	2	2	153	199	199	28758
sctc_E1R2_25m_I3_STL1	1	2	25	3	1	81	969	143	1135
sctc_E1R2_25m_I3_CTT1	1	2	25	3	2	121	321	541	308
sctc_E1R2_25m_I4_STL1	1	2	25	4	1	64	1430	165	1289
sctc_E1R2_25m_I4_CTT1	1	2	25	4	2	149	221	153	29538
sctc_E1R2_2m_I1_STL1	1	2	2	1	1	82	178	252	226
sctc_E1R2_2m_I1_CTT1	1	2	2	1	2	136	180	100	41342
sctc_E1R2_2m_I2_STL1	1	2	2	2	1	80	210	231	322
sctc_E1R2_2m_I2_CTT1	1	2	2	2	2	155	140	124	48408
sctc_E1R2_2m_I3_STL1	1	2	2	3	1	82	151	232	182
sctc_E1R2_2m_I3_CTT1	1	2	2	3	2	127	161	114	45374
sctc_E1R2_2m_I4_STL1	1	2	2	4	1	81	152	248	207
sctc_E1R2_2m_I4_CTT1	1	2	2	4	2	142	165	103	59507
sctc_E1R2_30m_I1_STL1	1	2	30	1	1	97	1217	137	1341
sctc_E1R2_30m_I1_CTT1	1	2	30	1	2	143	105	134	32135
sctc_E1R2_30m_I2_STL1	1	2	30	2	1	68	886	201	784
sctc_E1R2_30m_I2_CTT1	1	2	30	2	2	119	234	119	33440
sctc_E1R2_30m_I3_STL1	1	2	30	3	1	75	570	149	624
sctc_E1R2_30m_I3_CTT1	1	2	30	3	2	141	88	128	30397
sctc_E1R2_30m_I4_STL1	1	2	30	4	1	70	549	159	574
sctc_E1R2_30m_I4_CTT1	1	2	30	4	2	141	45	81	56891
sctc_E1R2_30m_I7_STL1	1	2	30	7	1	66	699	149	635
sctc_E1R2_30m_I7_CTT1	1	2	30	7	2	130	91	114	28734
sctc_E1R2_35m_I1_STL1	1	2	35	1	1	83	3225	178	3059
sctc_E1R2_35m_I1_CTT1	1	2	35	1	2	165	90	137	39305
sctc_E1R2_35m_I2_STL1	1	2	35	2	1	82	2944	176	3015
sctc_E1R2_35m_I2_CTT1	1	2	35	2	2	162	100	120	46665
sctc_E1R2_35m_I3_STL1	1	2	35	3	1	72	1953	178	1938
sctc_E1R2_35m_I3_CTT1	1	2	35	3	2	152	92	601	155
sctc_E1R2_35m_I4_STL1	1	2	35	4	1	72	1934	147	2290
sctc_E1R2_35m_I4_CTT1	1	2	35	4	2	155	75	107	40849
sctc_E1R2_40m_I1_STL1	1	2	40	1	1	87	1316	151	1433
sctc_E1R2_40m_I1_CTT1	1	2	40	1	2	171	35	89	45902
sctc_E1R2_40m_I2_STL1	1	2	40	2	1	73	1761	154	1759
sctc_E1R2_40m_I2_CTT1	1	2	40	2	2	137	147	54	51541
sctc_E1R2_40m_I3_STL1	1	2	40	3	1	75	2162	158	2302
sctc_E1R2_40m_I3_CTT1	1	2	40	3	2	147	119	98	44952
sctc_E1R2_40m_I4_STL1	1	2	40	4	1	72	1814	167	1805
sctc_E1R2_40m_I4_CTT1	1	2	40	4	2	151	97	96	46459
sctc_E1R2_45m_I1_STL1	1	2	45	1	1	70	633	120	656
sctc_E1R2_45m_I1_CTT1	1	2	45	1	2	149	96	88	45562
sctc_E1R2_45m_I2_STL1	1	2	45	2	1	83	512	180	672
sctc_E1R2_45m_I2_CTT1	1	2	45	2	2	141	154	82	50246
sctc_E1R2_45m_I3_STL1	1	2	45	3	1	79	773	125	682
sctc_E1R2_45m_I3_CTT1	1	2	45	3	2	144	71	91	41746
sctc_E1R2_45m_I4_STL1	1	2	45	4	1	73	767	161	710
sctc_E1R2_45m_I4_CTT1	1	2	45	4	2	138	108	103	37728
sctc_E1R2_4m_I1_STL1	1	2	4	1	1	72	327	164	246
sctc_E1R2_4m_I1_CTT1	1	2	4	1	2	175	202	162	97
sctc_E1R2_4m_I2_STL1	1	2	4	2	1	81	493	96	402
sctc_E1R2_4m_I2_CTT1	1	2	4	2	2	193	147	31	36173
sctc_E1R2_4m_I3_STL1	1	2	4	3	1	77	495	183	430
sctc_E1R2_4m_I3_CTT1	1	2	4	3	2	139	85	55	48759
sctc_E1R2_4m_I4_STL1	1	2	4	4	1	83	447	119	410
sctc_E1R2_4m_I4_CTT1	1	2	4	4	2	133	97	36	51532
sctc_E1R2_50m_I1_STL1	1	2	50	1	1	64	331	116	388
sctc_E1R2_50m_I1_CTT1	1	2	50	1	2	98	72	77	37564
sctc_E1R2_50m_I2_STL1	1	2	50	2	1	60	432	137	474
sctc_E1R2_50m_I2_CTT1	1	2	50	2	2	118	154	81	43492
sctc_E1R2_50m_I3_STL1	1	2	50	3	1	70	298	130	320
sctc_E1R2_50m_I3_CTT1	1	2	50	3	2	109	151	78	51612
sctc_E1R2_55m_I1_STL1	1	2	55	1	1	83	1298	185	1427
sctc_E1R2_55m_I1_CTT1	1	2	55	1	2	143	149	58	71905
sctc_E1R2_55m_I2_STL1	1	2	55	2	1	75	1898	161	1936
sctc_E1R2_55m_I2_CTT1	1	2	55	2	2	156	126	93	52238
sctc_E1R2_55m_I3_STL1	1	2	55	3	1	72	1883	160	2096
sctc_E1R2_55m_I3_CTT1	1	2	55	3	2	160	142	70	75522
sctc_E1R2_55m_I4_STL1	1	2	55	4	1	112	1449	138	1743
sctc_E1R2_55m_I4_CTT1	1	2	55	4	2	161	79	81	51315
sctc_E1R2_6m_I1_STL1	1	2	6	1	1	90	1754	99	1410
sctc_E1R2_6m_I1_CTT1	1	2	6	1	2	193	643	137	415
sctc_E1R2_6m_I2_STL1	1	2	6	2	1	103	2554	140	1996
sctc_E1R2_6m_I2_CTT1	1	2	6	2	2	168	1213	198	765
sctc_E1R2_6m_I3_STL1	1	2	6	3	1	88	2565	152	2213
sctc_E1R2_6m_I3_CTT1	1	2	6	3	2	174	1041	196	673
sctc_E1R2_6m_I4_STL1	1	2	6	4	1	80	2535	103	2348
sctc_E1R2_6m_I4_CTT1	1	2	6	4	2	177	931	133	553
sctc_E1R2_8m_I1_STL1	1	2	8	1	1	82	2625	99	2028
sctc_E1R2_8m_I1_CTT1	1	2	8	1	2	163	1445	97	1046
sctc_E1R2_8m_I2_STL1	1	2	8	2	1	104	3295	92	2437
sctc_E1R2_8m_I2_CTT1	1	2	8	2	2	158	1857	31	31607
sctc_E1R2_8m_I3_STL1	1	2	8	3	1	93	2979	99	2141
sctc_E1R2_8m_I3_CTT1	1	2	8	3	2	152	2040	195	1209
sctc_E1R2_8m_I4_STL1	1	2	8	4	1	92	3281	109	2351
sctc_E1R2_8m_I4_CTT1	1	2	8	4	2	160	1710	137	1056
sctc_E2R1_0m_I1_STL1	2	1	0	1	1	95	405	198	507
sctc_E2R1_0m_I1_CTT1	2	1	0	1	2	133	144	139	43414
sctc_E2R1_0m_I2_STL1	2	1	0	2	1	83	389	197	444
sctc_E2R1_0m_I2_CTT1	2	1	0	2	2	130	156	119	41065
sctc_E2R1_0m_I3_STL1	2	1	0	3	1	76	146	188	182
sctc_E2R1_0m_I3_CTT1	2	1	0	3	2	132	108	98	41993
sctc_E2R1_0m_I4_STL1	2	1	0	4	1	68	203	169	244
sctc_E2R1_0m_I4_CTT1	2	1	0	4	2	126	72	88	43027
sctc_E2R1_10m_I1_STL1	2	1	10	1	1	77	22281	644	716
sctc_E2R1_10m_I1_CTT1	2	1	10	1	2	214	21329	622	912
sctc_E2R1_10m_I2_STL1	2	1	10	2	1	111	16252	639	833
sctc_E2R1_10m_I2_CTT1	2	1	10	2	2	158	16836	71	39045
sctc_E2R1_10m_I3_STL1	2	1	10	3	1	110	22625	593	711
sctc_E2R1_10m_I3_CTT1	2	1	10	3	2	167	23329	587	854
sctc_E2R1_10m_I4_STL1	2	1	10	4	1	112	17105	187	12292
sctc_E2R1_10m_I4_CTT1	2	1	10	4	2	146	18351	464	1003
sctc_E2R1_15m_I1_STL1	2	1	15	1	1	86	26436	280	11525
sctc_E2R1_15m_I1_CTT1	2	1	15	1	2	134	26233	63	39831
sctc_E2R1_15m_I2_STL1	2	1	15	2	1	105	40737	906	1502
sctc_E2R1_15m_I2_CTT1	2	1	15	2	2	146	41638	781	1264
sctc_E2R1_15m_I3_STL1	2	1	15	3	1	104	35625	395	13358
sctc_E2R1_15m_I3_CTT1	2	1	15	3	2	166	35812	726	1748
sctc_E2R1_15m_I4_STL1	2	1	15	4	1	84	27008	220	14586
sctc_E2R1_15m_I4_CTT1	2	1	15	4	2	119	27707	49	40729
sctc_E2R1_15m_I5_STL1	2	1	15	5	1	102	31990	322	11346
sctc_E2R1_15m_I5_CTT1	2	1	15	5	2	146	31891	818	1446
sctc_E2R1_15m_I6_STL1	2	1	15	6	1	108	10612	315	5616
sctc_E2R1_15m_I6_CTT1	2	1	15	6	2	135	11424	498	1670
sctc_E2R1_15m_I7_STL1	2	1	15	7	1	101	20219	317	8956
sctc_E2R1_15m_I7_CTT1	2	1	15	7	2	138	20138	592	1534
sctc_E2R1_15m_I8_STL1	2	1	15	8	1	108	9500	295	5710
sctc_E2R1_15m_I8_CTT1	2	1	15	8	2	149	10187	296	3941
sctc_E2R1_15m_I9_STL1	2	1	15	9	1	86	33153	589	3732
sctc_E2R1_15m_I9_CTT1	2	1	15	9	2	113	35902	715	1731
sctc_E2R1_1m_I1_STL1	2	1	1	1	1	89	250	183	288
sctc_E2R1_1m_I1_CTT1	2	1	1	1	2	135	242	97	56110
sctc_E2R1_1m_I2_STL1	2	1	1	2	1	72	177	153	215
sctc_E2R1_1m_I2_CTT1	2	1	1	2	2	116	211	98	37644
sctc_E2R1_1m_I3_STL1	2	1	1	3	1	74	430	177	495
sctc_E2R1_1m_I3_CTT1	2	1	1	3	2	135	358	87	73911
sctc_E2R1_1m_I4_STL1	2	1	1	4	1	79	551	186	638
sctc_E2R1_1m_I4_CTT1	2	1	1	4	2	133	356	104	62279
sctc_E2R1_1m_I5_STL1	2	1	1	5	1	77	484	175	513
sctc_E2R1_1m_I5_CTT1	2	1	1	5	2	134	276	102	54043
sctc_E2R1_1m_I6_STL1	2	1	1	6	1	75	189	162	215
sctc_E2R1_1m_I6_CTT1	2	1	1	6	2	118	221	96	44300
sctc_E2R1_20m_I1_STL1	2	1	20	1	1	121	28264	292	10377
sctc_E2R1_20m_I1_CTT1	2	1	20	1	2	166	27629	824	1248
sctc_E2R1_20m_I2_STL1	2	1	20	2	1	113	44794	973	1302
sctc_E2R1_20m_I2_CTT1	2	1	20	2	2	166	42372	70	50298
sctc_E2R1_20m_I3_STL1	2	1	20	3	1	99	35769	887	1398
sctc_E2R1_20m_I3_CTT1	2	1	20	3	2	154	35505	864	1011
sctc_E2R1_20m_I4_STL1	2	1	20	4	1	132	29862	354	10473
sctc_E2R1_20m_I4_CTT1	2	1	20	4	2	169	27700	691	1888
sctc_E2R1_20m_I5_STL1	2	1	20	5	1	73	32628	179	29092
sctc_E2R1_20m_I5_CTT1	2	1	20	5	2	171	31310	756	1560
sctc_E2R1_25m_I1_STL1	2	1	25	1	1	120	40601	82	30518
sctc_E2R1_25m_I1_CTT1	2	1	25	1	2	165	31425	826	927
sctc_E2R1_25m_I2_STL1	2	1	25	2	1	110	42780	125	32091
sctc_E2R1_25m_I2_CTT1	2	1	25	2	2	160	29566	798	2999
sctc_E2R1_25m_I3_STL1	2	1	25	3	1	103	41798	168	28704
sctc_E2R1_25m_I3_CTT1	2	1	25	3	2	159	29199	279	11513
sctc_E2R1_25m_I4_STL1	2	1	25	4	1	96	35159	235	21888
sctc_E2R1_25m_I4_CTT1	2	1	25	4	2	164	28232	224	15024
sctc_E2R1_2m_I1_STL1	2	1	2	1	1	72	117	174	139
sctc_E2R1_2m_I1_CTT1	2	1	2	1	2	126	87	95	41450
sctc_E2R1_2m_I2_STL1	2	1	2	2	1	71	143	190	153
sctc_E2R1_2m_I2_CTT1	2	1	2	2	2	140	86	95	39613
sctc_E2R1_2m_I3_STL1	2	1	2	3	1	76	415	160	502
sctc_E2R1_2m_I3_CTT1	2	1	2	3	2	141	160	72	41728
sctc_E2R1_2m_I4_STL1	2	1	2	4	1	77	182	158	256
sctc_E2R1_2m_I4_CTT1	2	1	2	4	2	118	101	104	48174
sctc_E2R1_30m_I1_STL1	2	1	30	1	1	109	11200	294	7644
sctc_E2R1_30m_I1_CTT1	2	1	30	1	2	116	3709	100	29787
sctc_E2R1_30m_I2_STL1	2	1	30	2	1	136	14675	336	10285
sctc_E2R1_30m_I2_CTT1	2	1	30	2	2	123	5176	140	31111
sctc_E2R1_30m_I3_STL1	2	1	30	3	1	105	9939	330	7290
sctc_E2R1_30m_I3_CTT1	2	1	30	3	2	127	3030	141	31106
sctc_E2R1_30m_I4_STL1	2	1	30	4	1	105	9810	335	6705
sctc_E2R1_30m_I4_CTT1	2	1	30	4	2	124	3451	224	2736
sctc_E2R1_35m_I1_STL1	2	1	35	1	1	126	7508	231	4915
sctc_E2R1_35m_I1_CTT1	2	1	35	1	2	136	685	128	29737
sctc_E2R1_35m_I2_STL1	2	1	35	2	1	127	13529	250	8346
sctc_E2R1_35m_I2_CTT1	2	1	35	2	2	131	1528	140	32343
sctc_E2R1_35m_I3_STL1	2	1	35	3	1	113	12364	216	7792
sctc_E2R1_35m_I3_CTT1	2	1	35	3	2	135	1427	48	35259
sctc_E2R1_35m_I4_STL1	2	1	35	4	1	109	17752	181	14063
sctc_E2R1_35m_I4_CTT1	2	1	35	4	2	146	1701	118	31290
sctc_E2R1_40m_I1_STL1	2	1	40	1	1	111	5955	192	4124
sctc_E2R1_40m_I1_CTT1	2	1	40	1	2	128	198	123	31985
sctc_E2R1_40m_I2_STL1	2	1	40	2	1	109	6664	193	4753
sctc_E2R1_40m_I2_CTT1	2	1	40	2	2	134	266	127	31817
sctc_E2R1_40m_I3_STL1	2	1	40	3	1	108	6021	198	4589
sctc_E2R1_40m_I3_CTT1	2	1	40	3	2	140	170	158	32179
sctc_E2R1_40m_I4_STL1	2	1	40	4	1	105	9849	263	7581
sctc_E2R1_40m_I4_CTT1	2	1	40	4	2	147	281	417	304
sctc_E2R1_45m_I1_STL1	2	1	45	1	1	94	4047	184	3268
sctc_E2R1_45m_I1_CTT1	2	1	45	1	2	126	204	53	36493
sctc_E2R1_45m_I2_STL1	2	1	45	2	1	79	5494	212	4253
sctc_E2R1_45m_I2_CTT1	2	1	45	2	2	141	104	53	40618
sctc_E2R1_45m_I3_STL1	2	1	45	3	1	92	5907	271	4035
sctc_E2R1_45m_I3_CTT1	2	1	45	3	2	134	130	111	34838
sctc_E2R1_45m_I4_STL1	2	1	45	4	1	82	4982	244	3467
sctc_E2R1_45m_I4_CTT1	2	1	45	4	2	116	160	108	33064
sctc_E2R1_4m_I1_STL1	2	1	4	1	1	66	227	119	189
sctc_E2R1_4m_I1_CTT1	2	1	4	1	2	132	91	96	31615
sctc_E2R1_4m_I2_STL1	2	1	4	2	1	76	96	137	178
sctc_E2R1_4m_I2_CTT1	2	1	4	2	2	112	125	108	32743
sctc_E2R1_4m_I3_STL1	2	1	4	3	1	77	70	156	112
sctc_E2R1_4m_I3_CTT1	2	1	4	3	2	135	90	78	32146
sctc_E2R1_4m_I4_STL1	2	1	4	4	1	72	184	163	227
sctc_E2R1_4m_I4_CTT1	2	1	4	4	2	119	118	94	33693
sctc_E2R1_50m_I1_STL1	2	1	50	1	1	81	2024	191	1904
sctc_E2R1_50m_I1_CTT1	2	1	50	1	2	116	70	267	365
sctc_E2R1_50m_I2_STL1	2	1	50	2	1	84	4153	180	3786
sctc_E2R1_50m_I2_CTT1	2	1	50	2	2	141	89	96	45489
sctc_E2R1_50m_I3_STL1	2	1	50	3	1	95	2756	170	2581
sctc_E2R1_50m_I3_CTT1	2	1	50	3	2	121	130	92	39075
sctc_E2R1_50m_I4_STL1	2	1	50	4	1	61	3548	118	3071
sctc_E2R1_50m_I4_CTT1	2	1	50	4	2	123	119	92	88965
sctc_E2R1_55m_I1_STL1	2	1	55	1	1	84	2516	186	2035
sctc_E2R1_55m_I1_CTT1	2	1	55	1	2	123	42	90	34063
sctc_E2R1_55m_I2_STL1	2	1	55	2	1	78	3195	193	2677
sctc_E2R1_55m_I2_CTT1	2	1	55	2	2	113	93	58	34040
sctc_E2R1_55m_I3_STL1	2	1	55	3	1	91	3237	143	2496
sctc_E2R1_55m_I3_CTT1	2	1	55	3	2	107	104	324	118
sctc_E2R1_55m_I4_STL1	2	1	55	4	1	95	3602	192	3561
sctc_E2R1_55m_I4_CTT1	2	1	55	4	2	132	99	83	33344
sctc_E2R1_6m_I1_STL1	2	1	6	1	1	74	1220	137	925
sctc_E2R1_6m_I1_CTT1	2	1	6	1	2	136	970	198	772
sctc_E2R1_6m_I2_STL1	2	1	6	2	1	72	1454	143	1288
sctc_E2R1_6m_I2_CTT1	2	1	6	2	2	130	1082	64	29430
sctc_E2R1_6m_I3_STL1	2	1	6	3	1	71	724	176	585
sctc_E2R1_6m_I3_CTT1	2	1	6	3	2	124	573	57	29013
sctc_E2R1_6m_I4_STL1	2	1	6	4	1	88	1907	167	1731
sctc_E2R1_6m_I4_CTT1	2	1	6	4	2	121	1343	105	28402
sctc_E2R1_8m_I1_STL1	2	1	8	1	1	80	1306	155	1256
sctc_E2R1_8m_I1_CTT1	2	1	8	1	2	118	1501	153	1140
sctc_E2R1_8m_I2_STL1	2	1	8	2	1	73	1005	88	1154
sctc_E2R1_8m_I2_CTT1	2	1	8	2	2	113	997	55	27788
sctc_E2R1_8m_I3_STL1	2	1	8	3	1	89	4039	154	3217
sctc_E2R1_8m_I3_CTT1	2	1	8	3	2	127	4329	502	331
sctc_E2R1_8m_I4_STL1	2	1	8	4	1	83	3005	150	2399
sctc_E2R1_8m_I4_CTT1	2	1	8	4	2	126	3434	63	29829
sctc_E2R2_0m_I1_STL1	2	2	0	1	1	76	83	142	186
sctc_E2R2_0m_I1_CTT1	2	2	0	1	2	119	64	79	44780
sctc_E2R2_0m_I2_STL1	2	2	0	2	1	56	119	115	517
sctc_E2R2_0m_I2_CTT1	2	2	0	2	2	115	94	95	40268
sctc_E2R2_0m_I3_STL1	2	2	0	3	1	54	62	132	73
sctc_E2R2_0m_I3_CTT1	2	2	0	3	2	116	81	102	39213
sctc_E2R2_0m_I4_STL1	2	2	0	4	1	86	73	131	110
sctc_E2R2_0m_I4_CTT1	2	2	0	4	2	114	87	127	33844
sctc_E2R2_10m_I1_STL1	2	2	10	1	1	67	4488	205	3165
sctc_E2R2_10m_I1_CTT1	2	2	10	1	2	104	4691	89	29572
sctc_E2R2_10m_I2_STL1	2	2	10	2	1	57	3733	158	2524
sctc_E2R2_10m_I2_CTT1	2	2	10	2	2	NaN	NaN	356	2082
sctc_E2R2_10m_I3_STL1	2	2	10	3	1	82	2933	193	2363
sctc_E2R2_10m_I3_CTT1	2	2	10	3	2	101	3374	111	28594
sctc_E2R2_10m_I4_STL1	2	2	10	4	1	62	3517	184	2645
sctc_E2R2_10m_I4_CTT1	2	2	10	4	2	107	3572	118	28274
sctc_E2R2_10m_I5_STL1	2	2	10	5	1	66	3083	161	2446
sctc_E2R2_10m_I5_CTT1	2	2	10	5	2	107	2655	318	1904
sctc_E2R2_15m_I1_STL1	2	2	15	1	1	88	4376	237	2679
sctc_E2R2_15m_I1_CTT1	2	2	15	1	2	102	4675	404	2007
sctc_E2R2_15m_I2_STL1	2	2	15	2	1	70	5068	214	3045
sctc_E2R2_15m_I2_CTT1	2	2	15	2	2	123	5063	71	28680
sctc_E2R2_15m_I3_STL1	2	2	15	3	1	75	5184	189	3635
sctc_E2R2_15m_I3_CTT1	2	2	15	3	2	101	5665	80	28196
sctc_E2R2_15m_I4_STL1	2	2	15	4	1	69	3850	219	2735
sctc_E2R2_15m_I4_CTT1	2	2	15	4	2	108	4524	71	28068
sctc_E2R2_1m_I1_STL1	2	2	1	1	1	78	463	121	610
sctc_E2R2_1m_I1_CTT1	2	2	1	1	2	148	226	363	187
sctc_E2R2_1m_I2_STL1	2	2	1	2	1	69	409	98	547
sctc_E2R2_1m_I2_CTT1	2	2	1	2	2	135	285	124	34936
sctc_E2R2_1m_I3_STL1	2	2	1	3	1	75	188	117	303
sctc_E2R2_1m_I3_CTT1	2	2	1	3	2	131	59	512	12
sctc_E2R2_1m_I4_STL1	2	2	1	4	1	62	126	132	154
sctc_E2R2_1m_I4_CTT1	2	2	1	4	2	113	125	227	7238
sctc_E2R2_1m_I5_STL1	2	2	1	5	1	71	144	113	195
sctc_E2R2_1m_I5_CTT1	2	2	1	5	2	129	60	90	43340
sctc_E2R2_20m_I1_STL1	2	2	20	1	1	104	43738	777	4657
sctc_E2R2_20m_I1_CTT1	2	2	20	1	2	134	42866	836	3062
sctc_E2R2_20m_I2_STL1	2	2	20	2	1	98	30602	307	11229
sctc_E2R2_20m_I2_CTT1	2	2	20	2	2	118	31286	135	33501
sctc_E2R2_20m_I3_STL1	2	2	20	3	1	82	27867	390	10397
sctc_E2R2_20m_I3_CTT1	2	2	20	3	2	116	28229	609	5390
sctc_E2R2_20m_I4_STL1	2	2	20	4	1	69	29123	268	14148
sctc_E2R2_20m_I4_CTT1	2	2	20	4	2	137	25740	24	45532
sctc_E2R2_25m_I1_STL1	2	2	25	1	1	82	2447	200	1482
sctc_E2R2_25m_I1_CTT1	2	2	25	1	2	115	2024	85	27334
sctc_E2R2_25m_I2_STL1	2	2	25	2	1	73	1731	164	1790
sctc_E2R2_25m_I2_CTT1	2	2	25	2	2	89	1495	85	27168
sctc_E2R2_25m_I3_STL1	2	2	25	3	1	76	3055	241	1920
sctc_E2R2_25m_I3_CTT1	2	2	25	3	2	92	2970	268	1655
sctc_E2R2_25m_I4_STL1	2	2	25	4	1	89	1785	207	1110
sctc_E2R2_25m_I4_CTT1	2	2	25	4	2	104	1668	50	27498
sctc_E2R2_2m_I1_STL1	2	2	2	1	1	76	27	115	55
sctc_E2R2_2m_I1_CTT1	2	2	2	1	2	100	45	335	45
sctc_E2R2_2m_I2_STL1	2	2	2	2	1	64	46	87	118
sctc_E2R2_2m_I2_CTT1	2	2	2	2	2	94	64	73	36671
sctc_E2R2_2m_I3_STL1	2	2	2	3	1	61	67	113	86
sctc_E2R2_2m_I3_CTT1	2	2	2	3	2	122	21	333	99
sctc_E2R2_2m_I4_STL1	2	2	2	4	1	87	157	96	245
sctc_E2R2_2m_I4_CTT1	2	2	2	4	2	119	34	76	81611
sctc_E2R2_30m_I1_STL1	2	2	30	1	1	87	5576	246	3070
sctc_E2R2_30m_I1_CTT1	2	2	30	1	2	125	3719	224	2340
sctc_E2R2_30m_I2_STL1	2	2	30	2	1	87	6077	253	4154
sctc_E2R2_30m_I2_CTT1	2	2	30	2	2	132	4131	71	29797
sctc_E2R2_30m_I3_STL1	2	2	30	3	1	100	8732	293	5532
sctc_E2R2_30m_I3_CTT1	2	2	30	3	2	133	5476	62	31391
sctc_E2R2_30m_I4_STL1	2	2	30	4	1	88	6686	260	3664
sctc_E2R2_30m_I4_CTT1	2	2	30	4	2	123	4189	118	29227
sctc_E2R2_35m_I1_STL1	2	2	35	1	1	84	6052	207	4959
sctc_E2R2_35m_I1_CTT1	2	2	35	1	2	115	2276	343	1957
sctc_E2R2_35m_I2_STL1	2	2	35	2	1	83	9079	312	5039
sctc_E2R2_35m_I2_CTT1	2	2	35	2	2	114	3260	126	31762
sctc_E2R2_35m_I3_STL1	2	2	35	3	1	94	7982	297	4321
sctc_E2R2_35m_I3_CTT1	2	2	35	3	2	105	2870	116	29863
sctc_E2R2_35m_I4_STL1	2	2	35	4	1	81	15738	319	9826
sctc_E2R2_35m_I4_CTT1	2	2	35	4	2	114	6354	131	31056
sctc_E2R2_40m_I1_STL1	2	2	40	1	1	88	9681	200	8283
sctc_E2R2_40m_I1_CTT1	2	2	40	1	2	125	1477	456	1157
sctc_E2R2_40m_I2_STL1	2	2	40	2	1	92	6561	199	5242
sctc_E2R2_40m_I2_CTT1	2	2	40	2	2	112	1140	91	32097
sctc_E2R2_40m_I3_STL1	2	2	40	3	1	79	12098	130	12612
sctc_E2R2_40m_I3_CTT1	2	2	40	3	2	133	2007	116	31515
sctc_E2R2_40m_I4_STL1	2	2	40	4	1	80	12732	206	11653
sctc_E2R2_40m_I4_CTT1	2	2	40	4	2	125	2036	153	33788
sctc_E2R2_45m_I1_STL1	2	2	45	1	1	61	4774	209	2796
sctc_E2R2_45m_I1_CTT1	2	2	45	1	2	105	311	97	32620
sctc_E2R2_45m_I2_STL1	2	2	45	2	1	79	3205	181	2507
sctc_E2R2_45m_I2_CTT1	2	2	45	2	2	112	127	86	32452
sctc_E2R2_45m_I3_STL1	2	2	45	3	1	70	3656	194	2388
sctc_E2R2_45m_I3_CTT1	2	2	45	3	2	106	176	103	32736
sctc_E2R2_45m_I4_STL1	2	2	45	4	1	56	2119	147	1634
sctc_E2R2_45m_I4_CTT1	2	2	45	4	2	92	117	100	29658
sctc_E2R2_4m_I1_STL1	2	2	4	1	1	50	42	140	42
sctc_E2R2_4m_I1_CTT1	2	2	4	1	2	91	33	367	7
sctc_E2R2_4m_I2_STL1	2	2	4	2	1	51	34	110	57
sctc_E2R2_4m_I2_CTT1	2	2	4	2	2	88	58	70	38539
sctc_E2R2_4m_I3_STL1	2	2	4	3	1	60	63	95	172
sctc_E2R2_4m_I3_CTT1	2	2	4	3	2	99	56	73	36795
sctc_E2R2_4m_I4_STL1	2	2	4	4	1	47	28	95	57
sctc_E2R2_4m_I4_CTT1	2	2	4	4	2	85	50	299	36
sctc_E2R2_50m_I1_STL1	2	2	50	1	1	60	4741	152	3795
sctc_E2R2_50m_I1_CTT1	2	2	50	1	2	111	170	283	217
sctc_E2R2_50m_I2_STL1	2	2	50	2	1	64	3949	150	3467
sctc_E2R2_50m_I2_CTT1	2	2	50	2	2	113	503	118	31509
sctc_E2R2_50m_I3_STL1	2	2	50	3	1	65	5824	142	5443
sctc_E2R2_50m_I3_CTT1	2	2	50	3	2	119	168	101	40308
sctc_E2R2_50m_I4_STL1	2	2	50	4	1	90	3716	125	3900
sctc_E2R2_50m_I4_CTT1	2	2	50	4	2	117	114	103	35102
sctc_E2R2_50m_I5_STL1	2	2	50	5	1	90	2852	160	2852
sctc_E2R2_50m_I5_CTT1	2	2	50	5	2	121	83	112	34418
sctc_E2R2_55m_I1_STL1	2	2	55	1	1	66	4882	111	3696
sctc_E2R2_55m_I1_CTT1	2	2	55	1	2	123	490	156	494
sctc_E2R2_55m_I2_STL1	2	2	55	2	1	55	4287	131	3246
sctc_E2R2_55m_I2_CTT1	2	2	55	2	2	122	115	82	36914
sctc_E2R2_55m_I3_STL1	2	2	55	3	1	82	4000	138	3183
sctc_E2R2_55m_I3_CTT1	2	2	55	3	2	123	167	94	37610
sctc_E2R2_55m_I4_STL1	2	2	55	4	1	66	3313	120	2700
sctc_E2R2_55m_I4_CTT1	2	2	55	4	2	121	82	74	38800
sctc_E2R2_60m_I1_STL1	2	2	60	1	1	64	3041	147	3004
sctc_E2R2_60m_I1_CTT1	2	2	60	1	2	103	110	316	202
sctc_E2R2_60m_I2_STL1	2	2	60	2	1	67	5522	160	4788
sctc_E2R2_60m_I2_CTT1	2	2	60	2	2	122	154	62	68375
sctc_E2R2_60m_I3_STL1	2	2	60	3	1	76	4328	156	3958
sctc_E2R2_60m_I3_CTT1	2	2	60	3	2	118	101	58	45251
sctc_E2R2_60m_I4_STL1	2	2	60	4	1	61	5793	165	5284
sctc_E2R2_60m_I4_CTT1	2	2	60	4	2	114	142	374	146
sctc_E2R2_6m_I1_STL1	2	2	6	1	1	66	1006	169	900
sctc_E2R2_6m_I1_CTT1	2	2	6	1	2	127	572	373	468
sctc_E2R2_6m_I2_STL1	2	2	6	2	1	61	844	134	818
sctc_E2R2_6m_I2_CTT1	2	2	6	2	2	122	707	335	514
sctc_E2R2_6m_I3_STL1	2	2	6	3	1	64	722	153	626
sctc_E2R2_6m_I3_CTT1	2	2	6	3	2	136	532	149	29128
sctc_E2R2_6m_I4_STL1	2	2	6	4	1	64	892	137	1230
sctc_E2R2_6m_I4_CTT1	2	2	6	4	2	126	753	399	470
sctc_E2R2_8m_I1_STL1	2	2	8	1	1	65	1388	148	1256
sctc_E2R2_8m_I1_CTT1	2	2	8	1	2	100	1264	333	890
sctc_E2R2_8m_I2_STL1	2	2	8	2	1	54	1466	167	1170
sctc_E2R2_8m_I2_CTT1	2	2	8	2	2	109	1040	132	27942
sctc_E2R2_8m_I3_STL1	2	2	8	3	1	58	1548	185	1233
sctc_E2R2_8m_I3_CTT1	2	2	8	3	2	119	1173	130	28398
sctc_E2R2_8m_I4_STL1	2	2	8	4	1	83	1157	128	1233
sctc_E2R2_8m_I4_CTT1	2	2	8	4	2	100	1063	173	27273
sctc_E2R3_0m_I1_STL1	2	3	0	1	1	35	131	57	186
sctc_E2R3_0m_I1_CTT1	2	3	0	1	2	56	12	129	119
sctc_E2R3_0m_I2_STL1	2	3	0	2	1	51	130	129	194
sctc_E2R3_0m_I2_CTT1	2	3	0	2	2	59	2	59	9535
sctc_E2R3_0m_I3_STL1	2	3	0	3	1	32	78	68	119
sctc_E2R3_0m_I3_CTT1	2	3	0	3	2	70	4	69	5753
sctc_E2R3_0m_I4_STL1	2	3	0	4	1	63	66	57	172
sctc_E2R3_0m_I4_CTT1	2	3	0	4	2	66	17	141	110
sctc_E2R3_0m_I5_STL1	2	3	0	5	1	55	87	130	161
sctc_E2R3_0m_I5_CTT1	2	3	0	5	2	63	10	145	158
sctc_E2R3_10m_I1_STL1	2	3	10	1	1	62	7538	132	5450
sctc_E2R3_10m_I1_CTT1	2	3	10	1	2	102	10679	490	415
sctc_E2R3_10m_I2_STL1	2	3	10	2	1	65	8444	115	6159
sctc_E2R3_10m_I2_CTT1	2	3	10	2	2	86	10271	94	5239
sctc_E2R3_10m_I3_STL1	2	3	10	3	1	93	10411	116	8017
sctc_E2R3_10m_I3_CTT1	2	3	10	3	2	97	17068	566	569
sctc_E2R3_10m_I4_STL1	2	3	10	4	1	68	7379	109	5487
sctc_E2R3_10m_I4_CTT1	2	3	10	4	2	96	13323	573	401
sctc_E2R3_10m_I5_STL1	2	3	10	5	1	55	4367	116	3478
sctc_E2R3_10m_I5_CTT1	2	3	10	5	2	79	6978	527	254
sctc_E2R3_15m_I1_STL1	2	3	15	1	1	61	11731	134	8049
sctc_E2R3_15m_I1_CTT1	2	3	15	1	2	73	11385	694	329
sctc_E2R3_15m_I2_STL1	2	3	15	2	1	63	12850	161	8453
sctc_E2R3_15m_I2_CTT1	2	3	15	2	2	91	11995	480	996
sctc_E2R3_15m_I3_STL1	2	3	15	3	1	73	8773	108	5914
sctc_E2R3_15m_I3_CTT1	2	3	15	3	2	80	8237	180	4223
sctc_E2R3_15m_I4_STL1	2	3	15	4	1	60	11629	122	7298
sctc_E2R3_15m_I4_CTT1	2	3	15	4	2	93	11028	142	6792
sctc_E2R3_15m_I5_STL1	2	3	15	5	1	53	11348	166	6825
sctc_E2R3_15m_I5_CTT1	2	3	15	5	2	77	9751	160	5129
sctc_E2R3_20m_I1_STL1	2	3	20	1	1	60	19379	148	10479
sctc_E2R3_20m_I1_CTT1	2	3	20	1	2	95	16810	796	724
sctc_E2R3_20m_I2_STL1	2	3	20	2	1	100	23001	180	14365
sctc_E2R3_20m_I2_CTT1	2	3	20	2	2	88	22636	751	851
sctc_E2R3_20m_I3_STL1	2	3	20	3	1	65	27146	204	15147
sctc_E2R3_20m_I3_CTT1	2	3	20	3	2	91	23596	713	1119
sctc_E2R3_20m_I4_STL1	2	3	20	4	1	63	20574	155	12455
sctc_E2R3_20m_I4_CTT1	2	3	20	4	2	80	16647	721	779
sctc_E2R3_20m_I5_STL1	2	3	20	5	1	75	22557	182	13723
sctc_E2R3_20m_I5_CTT1	2	3	20	5	2	93	21020	612	753
sctc_E2R3_25m_I1_STL1	2	3	25	1	1	87	21396	106	12863
sctc_E2R3_25m_I1_CTT1	2	3	25	1	2	78	17139	115	10564
sctc_E2R3_25m_I2_STL1	2	3	25	2	1	69	19601	117	12271
sctc_E2R3_25m_I2_CTT1	2	3	25	2	2	88	13767	146	9281
sctc_E2R3_25m_I3_STL1	2	3	25	3	1	87	38007	180	23414
sctc_E2R3_25m_I3_CTT1	2	3	25	3	2	86	30520	790	462
sctc_E2R3_25m_I4_STL1	2	3	25	4	1	73	30511	199	17738
sctc_E2R3_25m_I4_CTT1	2	3	25	4	2	81	22511	159	12399
sctc_E2R3_25m_I5_STL1	2	3	25	5	1	68	28005	211	16477
sctc_E2R3_25m_I5_CTT1	2	3	25	5	2	83	22634	595	2063
sctc_E2R3_2m_I1_STL1	2	3	2	1	1	43	141	88	184
sctc_E2R3_2m_I1_CTT1	2	3	2	1	2	70	2	68	16436
sctc_E2R3_2m_I2_STL1	2	3	2	2	1	67	254	195	238
sctc_E2R3_2m_I2_CTT1	2	3	2	2	2	157	42	317	74
sctc_E2R3_2m_I3_STL1	2	3	2	3	1	39	154	113	164
sctc_E2R3_2m_I3_CTT1	2	3	2	3	2	73	8	68	18464
sctc_E2R3_2m_I4_STL1	2	3	2	4	1	39	149	154	175
sctc_E2R3_2m_I4_CTT1	2	3	2	4	2	71	8	40	45768
sctc_E2R3_30m_I1_STL1	2	3	30	1	1	98	13693	129	10761
sctc_E2R3_30m_I1_CTT1	2	3	30	1	2	70	7655	108	5933
sctc_E2R3_30m_I2_STL1	2	3	30	2	1	59	13137	129	8372
sctc_E2R3_30m_I2_CTT1	2	3	30	2	2	90	5900	174	5170
sctc_E2R3_30m_I3_STL1	2	3	30	3	1	64	13442	142	9914
sctc_E2R3_30m_I3_CTT1	2	3	30	3	2	83	6976	177	6695
sctc_E2R3_30m_I4_STL1	2	3	30	4	1	65	13764	168	9362
sctc_E2R3_30m_I4_CTT1	2	3	30	4	2	76	6325	216	5510
sctc_E2R3_30m_I5_STL1	2	3	30	5	1	63	15147	150	10908
sctc_E2R3_30m_I5_CTT1	2	3	30	5	2	83	7377	140	6190
sctc_E2R3_35m_I1_STL1	2	3	35	1	1	72	12897	117	9580
sctc_E2R3_35m_I1_CTT1	2	3	35	1	2	81	2655	152	2855
sctc_E2R3_35m_I2_STL1	2	3	35	2	1	52	13133	124	8755
sctc_E2R3_35m_I2_CTT1	2	3	35	2	2	63	3429	142	3060
sctc_E2R3_35m_I3_STL1	2	3	35	3	1	91	9000	103	7448
sctc_E2R3_35m_I3_CTT1	2	3	35	3	2	90	2035	141	2268
sctc_E2R3_35m_I4_STL1	2	3	35	4	1	51	14381	120	10080
sctc_E2R3_35m_I4_CTT1	2	3	35	4	2	71	3235	156	3204
sctc_E2R3_35m_I5_STL1	2	3	35	5	1	52	12660	126	9152
sctc_E2R3_35m_I5_CTT1	2	3	35	5	2	93	3019	171	3071
sctc_E2R3_40m_I1_STL1	2	3	40	1	1	67	24134	131	17082
sctc_E2R3_40m_I1_CTT1	2	3	40	1	2	83	2303	189	2475
sctc_E2R3_40m_I2_STL1	2	3	40	2	1	59	12783	131	10580
sctc_E2R3_40m_I2_CTT1	2	3	40	2	2	77	1201	182	1285
sctc_E2R3_40m_I4_STL1	2	3	40	4	1	53	11445	120	8958
sctc_E2R3_40m_I4_CTT1	2	3	40	4	2	72	927	160	1069
sctc_E2R3_45m_I1_STL1	2	3	45	1	1	53	8422	86	6996
sctc_E2R3_45m_I1_CTT1	2	3	45	1	2	73	399	180	424
sctc_E2R3_45m_I2_STL1	2	3	45	2	1	55	10200	113	8042
sctc_E2R3_45m_I2_CTT1	2	3	45	2	2	84	362	191	444
sctc_E2R3_45m_I3_STL1	2	3	45	3	1	46	9108	90	7616
sctc_E2R3_45m_I3_CTT1	2	3	45	3	2	84	273	196	341
sctc_E2R3_45m_I4_STL1	2	3	45	4	1	55	9250	102	7478
sctc_E2R3_45m_I4_CTT1	2	3	45	4	2	83	258	205	324
sctc_E2R3_4m_I1_STL1	2	3	4	1	1	43	109	104	112
sctc_E2R3_4m_I1_CTT1	2	3	4	1	2	96	35	213	39
sctc_E2R3_4m_I2_STL1	2	3	4	2	1	44	97	105	121
sctc_E2R3_4m_I2_CTT1	2	3	4	2	2	101	41	293	98
sctc_E2R3_4m_I3_STL1	2	3	4	3	1	38	75	108	77
sctc_E2R3_4m_I3_CTT1	2	3	4	3	2	72	39	268	57
sctc_E2R3_4m_I4_STL1	2	3	4	4	1	50	164	108	199
sctc_E2R3_4m_I4_CTT1	2	3	4	4	2	85	55	197	64
sctc_E2R3_50m_I1_STL1	2	3	50	1	1	53	4878	105	4291
sctc_E2R3_50m_I1_CTT1	2	3	50	1	2	86	77	229	114
sctc_E2R3_50m_I2_STL1	2	3	50	2	1	69	4622	141	4140
sctc_E2R3_50m_I2_CTT1	2	3	50	2	2	72	119	183	156
sctc_E2R3_50m_I3_STL1	2	3	50	3	1	42	2862	80	2643
sctc_E2R3_50m_I3_CTT1	2	3	50	3	2	66	74	168	93
sctc_E2R3_50m_I4_STL1	2	3	50	4	1	44	3476	141	3280
sctc_E2R3_50m_I4_CTT1	2	3	50	4	2	93	66	172	143
sctc_E2R3_55m_I1_STL1	2	3	55	1	1	57	5132	115	4262
sctc_E2R3_55m_I1_CTT1	2	3	55	1	2	86	104	286	163
sctc_E2R3_55m_I2_STL1	2	3	55	2	1	53	5383	121	4370
sctc_E2R3_55m_I2_CTT1	2	3	55	2	2	99	134	279	141
sctc_E2R3_55m_I3_STL1	2	3	55	3	1	57	5107	147	4114
sctc_E2R3_55m_I3_CTT1	2	3	55	3	2	83	68	300	78
sctc_E2R3_55m_I4_STL1	2	3	55	4	1	52	6504	136	5726
sctc_E2R3_55m_I4_CTT1	2	3	55	4	2	78	212	159	116
sctc_E2R3_6m_I1_STL1	2	3	6	1	1	69	762	124	670
sctc_E2R3_6m_I1_CTT1	2	3	6	1	2	80	624	170	498
sctc_E2R3_6m_I2_STL1	2	3	6	2	1	57	1849	125	1535
sctc_E2R3_6m_I2_CTT1	2	3	6	2	2	82	942	190	713
sctc_E2R3_6m_I3_STL1	2	3	6	3	1	67	1547	106	1379
sctc_E2R3_6m_I3_CTT1	2	3	6	3	2	73	989	136	811
sctc_E2R3_6m_I4_STL1	2	3	6	4	1	74	1429	113	1275
sctc_E2R3_6m_I4_CTT1	2	3	6	4	2	75	701	154	474
sctc_E2R3_8m_I1_STL1	2	3	8	1	1	62	3710	119	3048
sctc_E2R3_8m_I1_CTT1	2	3	8	1	2	91	3110	483	307
sctc_E2R3_8m_I2_STL1	2	3	8	2	1	54	2912	105	2602
sctc_E2R3_8m_I2_CTT1	2	3	8	2	2	69	2626	117	2065
sctc_E2R3_8m_I3_STL1	2	3	8	3	1	55	3486	113	2797
sctc_E2R3_8m_I3_CTT1	2	3	8	3	2	66	2532	170	1914
sctc_E2R3_8m_I4_STL1	2	3	8	4	1	66	3557	103	2965
sctc_E2R3_8m_I4_CTT1	2	3	8	4	2	70	2823	154	2235
sctc_E2R3_8m_I5_STL1	2	3	8	5	1	62	3283	76	2682
sctc_E2R3_8m_I5_CTT1	2	3	8	5	2	82	2553	126	1993
