IMAGENAME	ACTUAL_SPOTS	ACTUAL_SPOTS_TRIMMED	HBTr_THRESH	HBTr_COUNT_VAR	HBTr_COUNT_FIXED	BFTr_THRESH	BFTr_COUNT_VAR	BFTr_COUNT_FIXED
simvarmass_CY5L_0187fc2d	1885	1776	265	943	1306	143	1644	1633
simvarmass_CY5L_03be411c	995	940	229	585	674	238	904	1135
simvarmass_CY5L_041707a3	620	577	33	564	418	229	555	759
simvarmass_CY5L_04cdf185	1968	1854	97	1736	1503	180	1723	1718
simvarmass_CY5L_06ba1502	1120	1059	36	1032	758	265	1014	1547
simvarmass_CY5L_07960359	2521	2381	189	1725	1736	155	2144	2130
simvarmass_CY5L_07ecb936	2038	1926	450	291	1218	118	1749	1732
simvarmass_CY5L_088d2413	986	928	75	908	812	276	909	1974
simvarmass_CY5L_08a8e0d5	1434	1349	141	1019	874	215	1256	1315
simvarmass_CY5L_08c1fcc9	736	692	28	681	592	297	670	2285
simvarmass_CY5L_08f3289c	1631	1533	31	1482	1287	247	1464	2115
simvarmass_CY5L_093ec882	1384	1302	213	879	972	146	1209	1201
simvarmass_CY5L_0a302ca1	41	38	23	22	16	119	22	22
simvarmass_CY5L_0ad43798	1349	1287	202	968	1004	192	1203	1212
simvarmass_CY5L_0b18a890	1119	1056	35	1015	913	237	1002	1280
simvarmass_CY5L_0d37d952	1261	1200	336	539	989	202	1137	1174
simvarmass_CY5L_10670cf2	1113	1058	373	323	802	98	992	990
simvarmass_CY5L_107b9d3d	1058	991	145	842	750	133	944	940
simvarmass_CY5L_10eeafd5	1466	1395	53	1335	1162	253	1320	1847
simvarmass_CY5L_10f3bb0a	1030	972	44	951	684	297	953	2719
simvarmass_CY5L_11169287	738	682	34	678	444	209	675	717
simvarmass_CY5L_1134940f	1885	1766	227	1246	1427	128	1642	1636
simvarmass_CY5L_12ac335e	1250	1182	336	362	739	214	1109	1163
simvarmass_CY5L_13e08ce8	1868	1777	350	540	1133	146	1596	1588
simvarmass_CY5L_14bcf616	642	609	38	590	417	196	580	588
simvarmass_CY5L_14dede87	193	184	24	167	121	204	163	166
simvarmass_CY5L_150a2128	1617	1530	40	1455	1092	312	1423	3438
simvarmass_CY5L_1562ae4c	1874	1776	429	344	1168	98	1632	1625
simvarmass_CY5L_167c7182	327	308	24	308	210	306	311	2237
simvarmass_CY5L_16a81823	670	638	31	611	561	149	599	597
simvarmass_CY5L_190a4024	1316	1249	43	1208	1043	176	1182	1176
simvarmass_CY5L_1a06e206	1127	1066	399	237	757	92	1001	998
simvarmass_CY5L_1ac1b13a	1515	1425	325	443	933	197	1309	1321
simvarmass_CY5L_1c94f091	1790	1689	514	150	1024	197	1579	1594
simvarmass_CY5L_1c9c6a5f	706	675	56	654	455	174	648	646
simvarmass_CY5L_1d398611	1100	1052	132	957	821	198	1005	1018
simvarmass_CY5L_1dc6dcaa	367	343	22	327	258	161	323	321
simvarmass_CY5L_1e495a5d	77	74	37	67	61	196	65	68
simvarmass_CY5L_1f0383ed	643	596	33	583	496	161	576	570
simvarmass_CY5L_1f2b45f8	1357	1271	467	325	1042	108	1168	1167
simvarmass_CY5L_1f939cf0	1747	1639	135	1518	1365	181	1536	1531
simvarmass_CY5L_201f7a2d	422	405	25	399	347	123	395	393
simvarmass_CY5L_22977c18	716	688	28	671	460	118	656	654
simvarmass_CY5L_22d33ae7	1592	1513	620	145	1261	283	1429	2627
simvarmass_CY5L_237f4c72	2510	2350	400	640	1718	138	2139	2132
simvarmass_CY5L_2554166f	363	346	23	324	203	89	319	319
simvarmass_CY5L_258ca893	2390	2266	46	2059	1341	190	2012	2017
simvarmass_CY5L_25a36c92	1200	1134	103	1009	798	121	1069	1067
simvarmass_CY5L_26f50e87	85	81	30	80	66	460	82	10112
simvarmass_CY5L_28d950c6	2052	1953	340	1105	1572	183	1789	1788
simvarmass_CY5L_2c4ec817	2084	1974	580	153	1317	189	1798	1800
simvarmass_CY5L_2cbc3d23	206	199	27	200	176	328	205	2983
simvarmass_CY5L_2ee74e9f	455	411	27	414	296	294	403	1647
simvarmass_CY5L_30cb6637	2077	1956	71	1856	1767	148	1818	1809
simvarmass_CY5L_32a3aeb6	2161	2049	367	581	1352	144	1874	1846
simvarmass_CY5L_33842744	2381	2250	395	772	1826	176	2055	2051
simvarmass_CY5L_340e180a	2205	2086	486	427	1594	7	15641	1883
simvarmass_CY5L_3411b650	1251	1200	152	1125	1066	116	1136	1131
simvarmass_CY5L_3417dfb5	1726	1638	73	1539	1189	128	1513	1504
simvarmass_CY5L_34ee1647	2272	2128	506	418	1845	122	1938	1931
simvarmass_CY5L_35a74d8f	1070	1020	36	977	681	157	966	963
simvarmass_CY5L_3ac13591	2264	2125	505	409	1813	7	16641	1976
simvarmass_CY5L_3baeb3a0	566	537	28	535	437	258	526	914
simvarmass_CY5L_3c3d0b00	47	45	21	39	30	85	39	39
simvarmass_CY5L_3ce660ee	1288	1212	203	952	1006	201	1163	1183
simvarmass_CY5L_3f293d0a	2034	1941	170	1487	1393	133	1772	1762
simvarmass_CY5L_3fbeb461	957	899	233	402	537	95	843	836
simvarmass_CY5L_404f03b0	2080	1963	194	1514	1535	150	1802	1788
simvarmass_CY5L_432f525a	1011	945	396	214	627	106	900	894
simvarmass_CY5L_433b52eb	607	580	29	572	366	207	562	588
simvarmass_CY5L_445780d7	1928	1815	360	599	1344	129	1661	1640
simvarmass_CY5L_463f3d0e	1455	1376	361	613	1149	95	1284	1281
simvarmass_CY5L_481edd78	2236	2111	201	1370	1442	178	1916	1906
simvarmass_CY5L_4824bda2	1733	1649	403	715	1516	193	1555	1562
simvarmass_CY5L_4952c9ea	332	318	28	312	244	212	311	322
simvarmass_CY5L_4af3b5c2	1010	968	34	954	900	249	939	1219
simvarmass_CY5L_4b06e1a1	714	674	32	651	464	252	641	1014
simvarmass_CY5L_4b8f9368	213	207	31	192	181	259	192	659
simvarmass_CY5L_4ba4183d	2241	2112	431	465	1442	110	1895	1892
simvarmass_CY5L_4e1231de	168	151	21	139	111	129	135	135
simvarmass_CY5L_500608c2	2515	2381	53	2189	1511	104	2124	2118
simvarmass_CY5L_5090057d	1938	1843	111	1611	1285	142	1678	1674
simvarmass_CY5L_525c29df	1447	1371	174	1102	1065	175	1306	1301
simvarmass_CY5L_539f9527	403	387	26	379	301	155	377	375
simvarmass_CY5L_53d5d0cc	2003	1899	337	521	1229	175	1749	1736
simvarmass_CY5L_5587e50e	1397	1330	78	1228	873	210	1238	1283
simvarmass_CY5L_56136743	137	131	32	129	91	270	133	619
simvarmass_CY5L_56916148	1618	1533	279	860	1245	143	1446	1439
simvarmass_CY5L_56d1e161	736	693	33	677	504	198	662	682
simvarmass_CY5L_57c005f7	189	180	24	183	165	317	182	2161
simvarmass_CY5L_592532aa	2181	2056	247	988	1288	87	1852	1844
simvarmass_CY5L_595bdded	802	747	42	731	600	127	706	706
simvarmass_CY5L_5a0cca46	299	286	33	284	242	280	282	1107
simvarmass_CY5L_5ae7e106	889	838	35	811	659	230	803	1030
simvarmass_CY5L_5ca999d3	2098	1992	494	319	1408	194	1834	1844
simvarmass_CY5L_5cdea545	1144	1084	43	1047	824	178	1024	1020
simvarmass_CY5L_5d7bbad5	1716	1624	590	155	1207	100	1501	1492
simvarmass_CY5L_5df9ec3e	1856	1757	334	613	1245	285	1626	3119
simvarmass_CY5L_5f692ce6	777	742	37	720	533	216	716	776
simvarmass_CY5L_6133f4b1	944	888	472	136	697	150	847	844
simvarmass_CY5L_626c8c6a	1667	1572	389	600	1215	144	1461	1450
simvarmass_CY5L_629fcaa9	154	137	29	120	93	195	126	132
simvarmass_CY5L_63a09921	1749	1665	505	220	1426	138	1555	1544
simvarmass_CY5L_6421c005	849	813	165	588	541	100	758	755
simvarmass_CY5L_6464c463	1122	1069	31	1025	736	272	1016	1724
simvarmass_CY5L_65b58cd3	7	7	17	2	2	255	9	566
simvarmass_CY5L_66024d2b	1841	1744	349	784	1501	205	1632	1686
simvarmass_CY5L_69b6847f	1740	1643	257	855	1179	194	1517	1527
simvarmass_CY5L_6b04b8c7	1281	1209	198	996	1029	158	1130	1125
simvarmass_CY5L_6c359100	859	812	456	157	576	141	776	773
simvarmass_CY5L_6ce031d4	236	224	35	202	133	211	199	227
simvarmass_CY5L_6dab5181	1821	1728	398	480	1186	104	1585	1577
simvarmass_CY5L_707ed63b	1472	1391	357	438	950	105	1313	1299
simvarmass_CY5L_71057227	89	84	30	63	52	158	62	62
simvarmass_CY5L_750c4c5e	1580	1495	377	598	1140	208	1411	1461
simvarmass_CY5L_75f255b1	1073	1018	506	125	675	135	967	960
simvarmass_CY5L_76f02db6	2279	2163	397	558	1494	150	1959	1955
simvarmass_CY5L_77874ae6	653	621	226	428	476	108	574	573
simvarmass_CY5L_78e70971	673	644	41	628	475	241	628	819
simvarmass_CY5L_7b75f26c	111	105	38	91	63	362	92	2782
simvarmass_CY5L_7b9b6f0f	1677	1580	351	501	1147	125	1437	1427
simvarmass_CY5L_7c070caf	1055	995	384	393	827	120	939	936
simvarmass_CY5L_7d1a3c5b	1691	1600	350	514	1156	29	15275	4789
simvarmass_CY5L_80c68fc4	1541	1459	363	415	949	180	1329	1328
simvarmass_CY5L_80ee7cfe	1791	1693	308	826	1260	184	1565	1564
simvarmass_CY5L_82f91e7d	6	6	21	2	2	247	12	507
simvarmass_CY5L_83a9584a	1735	1640	333	588	1210	153	1524	1520
simvarmass_CY5L_83bd0ca8	503	483	30	456	349	151	450	448
simvarmass_CY5L_8410b31a	462	438	37	431	363	340	425	4560
simvarmass_CY5L_897bba36	2228	2090	125	1821	1526	271	1916	2873
simvarmass_CY5L_8bf7b484	1219	1153	390	527	995	114	1081	1077
simvarmass_CY5L_8d5d518f	1978	1877	512	360	1510	116	1725	1716
simvarmass_CY5L_8e259b70	700	662	29	654	459	423	646	6429
simvarmass_CY5L_8f539d95	55	54	36	35	28	153	35	35
simvarmass_CY5L_8fe797af	1252	1187	53	1153	989	368	1151	5562
simvarmass_CY5L_903c8326	1730	1616	566	131	1042	179	1494	1485
simvarmass_CY5L_9094ab2c	2361	2233	342	674	1559	133	2010	1997
simvarmass_CY5L_917b35e1	1077	1018	33	980	714	123	957	954
simvarmass_CY5L_96198ad4	525	506	30	490	431	229	490	624
simvarmass_CY5L_96c4c192	565	534	73	513	384	214	517	549
simvarmass_CY5L_98343be9	2023	1899	619	118	1441	124	1755	1737
simvarmass_CY5L_9877a8d3	9	9	20	4	2	227	26	209
simvarmass_CY5L_99a8eb4f	2219	2107	306	1095	1618	90	1902	1893
simvarmass_CY5L_9a373e9b	357	330	27	317	261	78	305	305
simvarmass_CY5L_9ca8bccd	351	332	32	333	211	366	332	3317
simvarmass_CY5L_9d179fa5	1097	1035	357	255	654	197	955	966
simvarmass_CY5L_9d99e333	965	913	182	795	788	123	849	843
simvarmass_CY5L_9f809585	2044	1927	375	685	1509	106	1786	1778
simvarmass_CY5L_9f9145d3	2537	2384	391	614	1777	91	2128	2123
simvarmass_CY5L_9fd2384a	1710	1616	327	472	940	292	1492	2831
simvarmass_CY5L_a1312b66	362	346	25	337	247	224	345	468
simvarmass_CY5L_a430d118	434	411	30	392	316	157	389	382
simvarmass_CY5L_a4d6d0bb	705	657	34	655	468	178	647	644
simvarmass_CY5L_a6e00e93	2531	2393	153	2039	1883	136	2162	2158
simvarmass_CY5L_a8047020	699	660	32	662	442	497	646	8331
simvarmass_CY5L_a96389e6	346	324	23	320	260	109	315	314
simvarmass_CY5L_aa2d1ead	1099	1035	33	988	664	182	975	971
simvarmass_CY5L_ab31cf1e	326	311	20	295	267	101	291	289
simvarmass_CY5L_ab88b7cd	1723	1634	323	640	1159	159	1508	1501
simvarmass_CY5L_abd7139e	2059	1948	337	662	1369	204	1783	1844
simvarmass_CY5L_ad5b63fc	101	99	28	78	60	172	78	78
simvarmass_CY5L_addda019	741	695	244	378	480	167	664	662
simvarmass_CY5L_ae0bc257	895	832	397	141	474	114	780	776
simvarmass_CY5L_b001e10f	2078	1968	434	482	1584	176	1826	1815
simvarmass_CY5L_b037e931	744	706	28	692	566	194	683	689
simvarmass_CY5L_b156f56a	2067	1929	331	977	1671	128	1771	1762
simvarmass_CY5L_b1a1efeb	2364	2241	352	915	1748	246	2066	2554
simvarmass_CY5L_b29fff8a	410	381	21	365	312	135	361	361
simvarmass_CY5L_b39363cd	2046	1941	369	572	1480	141	1780	1774
simvarmass_CY5L_b4603be1	207	195	23	198	167	316	198	2187
simvarmass_CY5L_b4d3b176	1872	1769	476	267	1154	324	1672	4506
simvarmass_CY5L_b5fe215d	2382	2260	262	1185	1667	214	2058	2138
simvarmass_CY5L_b6e4ac56	1466	1371	287	595	937	232	1295	1517
simvarmass_CY5L_b7717876	91	89	22	65	44	121	65	65
simvarmass_CY5L_b888945d	1125	1057	42	1032	782	222	1007	1113
simvarmass_CY5L_b901537e	614	584	28	579	427	337	581	3359
simvarmass_CY5L_b95234dd	981	934	37	909	606	468	919	8520
simvarmass_CY5L_b9ca4f72	1441	1362	458	257	1023	225	1269	1398
simvarmass_CY5L_bae90715	805	758	34	711	564	216	704	779
simvarmass_CY5L_bf680c47	584	549	23	533	354	182	527	527
simvarmass_CY5L_bfdb01fb	2142	2018	453	422	1607	79	1858	1843
simvarmass_CY5L_c008c7b4	277	256	20	234	175	88	227	227
simvarmass_CY5L_c10f2b46	166	154	32	134	88	200	131	140
simvarmass_CY5L_c17e08be	47	46	24	23	19	177	29	27
simvarmass_CY5L_c335275c	1196	1142	338	470	917	227	1109	1293
simvarmass_CY5L_c399cc8f	2080	1970	205	1204	1325	176	1783	1776
simvarmass_CY5L_c39aeae8	1657	1558	122	1340	1038	159	1454	1438
simvarmass_CY5L_c611a3c6	1510	1435	283	813	1151	99	1348	1342
simvarmass_CY5L_c618c353	2386	2247	104	1907	1360	127	2015	2007
simvarmass_CY5L_c761edd0	938	888	34	836	701	117	830	827
simvarmass_CY5L_c7c630f9	699	656	30	648	541	223	634	722
simvarmass_CY5L_ca22dc6d	369	353	26	338	241	169	338	335
simvarmass_CY5L_cad0905c	1968	1874	210	1365	1472	128	1728	1725
simvarmass_CY5L_cafb1423	325	299	22	281	192	136	278	277
simvarmass_CY5L_cbaf43a3	663	631	29	618	390	166	605	603
simvarmass_CY5L_cc3478bc	347	329	30	327	218	436	331	6570
simvarmass_CY5L_ccdde8b6	2414	2284	538	230	1699	197	2095	2114
simvarmass_CY5L_cd845f0f	1327	1275	299	787	1105	150	1209	1205
simvarmass_CY5L_ceaa7951	134	129	31	127	103	218	128	170
simvarmass_CY5L_ced48015	2405	2289	325	968	1763	370	2109	6272
simvarmass_CY5L_d0884605	1254	1189	345	481	909	172	1123	1119
simvarmass_CY5L_d0f3ce7f	870	819	38	805	616	194	785	791
simvarmass_CY5L_d20eccaf	657	613	395	165	469	116	597	593
simvarmass_CY5L_d2a6c082	1101	1034	25	987	819	144	965	963
simvarmass_CY5L_d477463f	887	844	26	817	668	160	810	803
simvarmass_CY5L_d4f5fc46	2430	2307	149	1640	1398	140	2025	2015
simvarmass_CY5L_d52169a1	2059	1955	237	1349	1566	139	1793	1786
simvarmass_CY5L_d67250cf	1540	1459	210	801	911	315	1385	3250
simvarmass_CY5L_d7fd035a	524	488	38	487	362	276	483	1265
simvarmass_CY5L_d8102e43	1210	1135	198	821	861	286	1090	1987
simvarmass_CY5L_d96fa1fa	699	665	26	641	397	166	631	627
simvarmass_CY5L_d9d7d7f1	1372	1292	58	1249	897	188	1218	1219
simvarmass_CY5L_d9fc6491	2133	2012	433	666	1622	130	1856	1852
simvarmass_CY5L_daa12408	2079	1952	216	1152	1293	158	1795	1776
simvarmass_CY5L_dcbae292	1614	1524	202	1002	1073	313	1437	3346
simvarmass_CY5L_dcd5f12f	1392	1329	188	1063	1066	383	1273	6530
simvarmass_CY5L_dd038fa8	835	787	28	759	667	167	746	744
simvarmass_CY5L_df41bc25	1359	1285	31	1238	921	325	1232	4291
simvarmass_CY5L_e158d5e9	1562	1474	31	1382	1138	203	1349	1379
simvarmass_CY5L_e2d3c3ee	1126	1071	36	1047	976	168	1022	1022
simvarmass_CY5L_e310b86e	651	606	33	597	435	247	600	977
simvarmass_CY5L_e327cde7	856	808	36	786	593	178	782	778
simvarmass_CY5L_e3dfe44b	660	629	32	613	512	180	610	610
simvarmass_CY5L_e4216685	2422	2303	364	712	1692	111	2047	2042
simvarmass_CY5L_e5434f9d	2197	2090	402	738	1674	123	1923	1910
simvarmass_CY5L_e7479ac8	1290	1228	455	416	1005	133	1166	1159
simvarmass_CY5L_e74aa8b1	72	69	42	63	49	206	62	71
simvarmass_CY5L_e89f6af0	1479	1406	202	1060	1112	139	1314	1306
simvarmass_CY5L_e9a827f8	553	524	23	516	402	182	511	510
simvarmass_CY5L_e9b710b2	793	753	24	725	536	129	711	709
simvarmass_CY5L_ea8843b2	1510	1427	206	836	923	131	1320	1316
simvarmass_CY5L_ec34d5b0	1340	1266	619	168	1032	114	1195	1190
simvarmass_CY5L_ec47a6ad	361	341	24	321	242	172	313	313
simvarmass_CY5L_ec97f39a	2042	1949	440	641	1696	170	1807	1802
simvarmass_CY5L_ef9dfecd	2261	2122	408	487	1378	337	1916	3720
simvarmass_CY5L_efb30c9a	562	534	24	526	397	253	521	899
simvarmass_CY5L_f09f925c	924	861	27	840	680	160	825	822
simvarmass_CY5L_f16c4f04	969	912	359	284	673	117	856	854
simvarmass_CY5L_f3ca3027	918	862	212	503	582	134	823	816
simvarmass_CY5L_f4101ca1	1003	935	431	271	814	141	897	894
simvarmass_CY5L_f57370ec	1764	1667	141	1487	1308	232	1555	1806
simvarmass_CY5L_f597b922	2216	2088	219	1535	1713	216	1951	2039
simvarmass_CY5L_f687367f	263	248	21	221	200	100	217	216
simvarmass_CY5L_f71f2ae3	264	244	36	242	201	224	244	403
simvarmass_CY5L_fa5eacdd	1683	1586	156	1130	960	87	1445	1441
simvarmass_CY5L_fa6ac544	2158	2036	218	1263	1410	119	1835	1821
simvarmass_CY5L_fd058bc6	739	705	26	674	603	189	662	663
simvarmass_CY5L_fe7b94ae	1459	1385	396	438	1124	190	1310	1318
simvarmass_CY5L_fe9feef3	674	634	27	613	430	166	603	596
simvarmass_CY5L_feb64b1c	1412	1336	287	502	888	229	1262	1423
simvarmass_TMRL_00a36523	486	457	124	447	438	767	466	5044
simvarmass_TMRL_035bbb91	1023	983	91	949	945	239	963	932
simvarmass_TMRL_03e9ae6e	2418	2277	115	2111	2108	348	2072	2043
simvarmass_TMRL_0442bcde	1626	1556	139	1459	1459	415	1482	1507
simvarmass_TMRL_051f2b11	1476	1406	85	1359	1345	280	1332	1314
simvarmass_TMRL_0618c3c0	7	7	108	1080	70	304	7485	1341
simvarmass_TMRL_065cc51d	2180	2060	101	1935	1925	561	1955	3354
simvarmass_TMRL_070849ff	859	813	76	781	780	168	782	773
simvarmass_TMRL_072b5701	1335	1267	85	1218	1202	503	1206	1669
simvarmass_TMRL_091ea053	1523	1442	133	1388	1388	142	16313	9466
simvarmass_TMRL_0c7f7779	877	823	96	792	774	311	791	773
simvarmass_TMRL_0d35ae2d	917	873	149	819	828	61	17196	890
simvarmass_TMRL_0d8365fd	1125	1076	146	1024	1034	1007	1093	9681
simvarmass_TMRL_0efde4f6	2482	2336	899	410	2178	209	2146	2120
simvarmass_TMRL_0f8520f7	621	582	148	533	537	547	563	1340
simvarmass_TMRL_11be5298	1093	1040	158	997	1021	517	1020	1638
simvarmass_TMRL_12d1c501	1585	1498	140	1418	1418	62	14512	2438
simvarmass_TMRL_132b0e1d	2193	2076	82	1932	1926	254	1919	1881
simvarmass_TMRL_13951781	169	159	136	153	152	528	144	627
simvarmass_TMRL_144094e6	2370	2236	143	2057	2067	73	14044	3546
simvarmass_TMRL_154fc139	1311	1248	151	1202	1212	827	1258	11525
simvarmass_TMRL_169f172d	1326	1252	185	1192	1276	709	1231	6558
simvarmass_TMRL_17945961	225	215	80	204	204	388	209	207
simvarmass_TMRL_17fcfcf4	2016	1905	172	1756	1805	558	1781	3528
simvarmass_TMRL_19c9fe8a	2323	2212	176	1887	1981	97	13782	6114
simvarmass_TMRL_1f6e6208	1883	1776	96	1686	1680	259	1666	1643
simvarmass_TMRL_1fe9cbf5	1642	1556	90	1475	1471	246	1447	1433
simvarmass_TMRL_20610138	413	393	104	368	366	404	377	377
simvarmass_TMRL_217a84bc	2345	2209	103	2061	2043	486	2061	2626
simvarmass_TMRL_217b8a01	1941	1844	120	1742	1738	547	1804	3405
simvarmass_TMRL_21a3efda	2185	2084	145	1965	1967	327	1967	1902
simvarmass_TMRL_2338f30b	507	471	72	447	445	414	444	457
simvarmass_TMRL_235d3ca8	578	543	109	522	505	572	528	1246
simvarmass_TMRL_23e19e42	978	921	147	867	871	401	903	900
simvarmass_TMRL_23e7c892	2476	2346	159	2136	2155	121	15471	7462
simvarmass_TMRL_24124f4a	669	643	120	2213	1104	139	19580	2449
simvarmass_TMRL_248aabc0	2198	2068	110	1933	1919	433	1897	1974
simvarmass_TMRL_25a8a99e	503	472	180	439	602	175	17666	12467
simvarmass_TMRL_266202bc	1782	1692	147	1532	1546	566	1606	3089
simvarmass_TMRL_273c5723	1795	1713	116	1600	1599	302	1595	1570
simvarmass_TMRL_27986836	154	150	100	145	140	861	153	6193
simvarmass_TMRL_28dc6f47	1431	1349	138	1294	1294	520	1301	2186
simvarmass_TMRL_2c8705eb	127	123	154	106	108	531	128	627
simvarmass_TMRL_2c8cbd79	628	598	83	587	582	335	598	579
simvarmass_TMRL_2db7b5fd	1385	1303	164	1243	1392	194	16107	12342
simvarmass_TMRL_2e3f28f3	351	334	96	928	307	799	365	6713
simvarmass_TMRL_2ebdbaf0	780	739	159	703	725	555	724	1725
simvarmass_TMRL_2ef76c51	365	338	67	338	335	400	344	344
simvarmass_TMRL_32388b80	1696	1605	126	1529	1527	89	18309	2109
simvarmass_TMRL_3374d92b	1373	1292	129	1245	1244	336	1243	1208
simvarmass_TMRL_35c8d048	718	673	107	646	640	555	659	1648
simvarmass_TMRL_3bb5d83a	127	121	102	99	99	452	103	147
simvarmass_TMRL_3c29f86e	2334	2174	83	2011	1972	314	1964	1929
simvarmass_TMRL_3d5487ce	2457	2317	106	2104	2061	548	2146	3249
simvarmass_TMRL_3dab40da	1301	1249	148	1200	1200	458	1298	1560
simvarmass_TMRL_40da6748	452	430	84	415	413	236	414	405
simvarmass_TMRL_4179b643	1165	1096	150	1053	1056	521	1061	1780
simvarmass_TMRL_418898bd	1020	956	111	926	915	617	934	2692
simvarmass_TMRL_4415117e	1523	1439	73	1363	1356	258	1352	1329
simvarmass_TMRL_44d95a97	828	783	125	755	755	402	752	751
simvarmass_TMRL_4552f372	634	598	93	577	572	346	571	561
simvarmass_TMRL_456b410c	1348	1274	179	1240	1333	201	19780	10756
simvarmass_TMRL_45b2c534	62	57	67	54	54	404	55	55
simvarmass_TMRL_46c8a8cf	423	407	162	384	401	138	18332	6256
simvarmass_TMRL_487e5f1d	2362	2232	103	1985	1935	326	1988	1937
simvarmass_TMRL_492fc7d6	1340	1250	144	1213	1214	763	1240	8835
simvarmass_TMRL_49455a7c	2360	2236	96	2065	2043	414	2046	2069
simvarmass_TMRL_4a02cbce	386	366	68	351	349	320	357	346
simvarmass_TMRL_4aff60bf	1503	1420	72	1379	1371	326	1360	1342
simvarmass_TMRL_4b89c98e	404	386	141	375	375	427	392	417
simvarmass_TMRL_4ca7c1f8	417	394	100	380	380	447	386	433
simvarmass_TMRL_4d299943	2425	2278	131	2118	2118	321	2081	2061
simvarmass_TMRL_4db68b26	1346	1266	127	1193	1184	306	1215	1170
simvarmass_TMRL_4e01ce8f	1332	1267	142	1183	1190	849	1229	7501
simvarmass_TMRL_4ee7b39c	1543	1455	92	1381	1373	324	1389	1346
simvarmass_TMRL_4fa41ff4	363	343	95	335	334	496	337	513
simvarmass_TMRL_5050c5eb	402	385	108	374	370	418	391	411
simvarmass_TMRL_51aca410	848	805	127	749	743	451	779	893
simvarmass_TMRL_531f2826	27	27	75	1258	6	481	23	274
simvarmass_TMRL_54048b1d	2167	2035	147	1881	1887	409	1896	1909
simvarmass_TMRL_54a4ef33	545	513	72	498	485	436	500	523
simvarmass_TMRL_54df1a75	1612	1513	137	1439	1439	125	15595	7831
simvarmass_TMRL_55394eb0	2437	2302	137	2126	2126	95	17019	2870
simvarmass_TMRL_577ce5ca	2329	2210	169	1907	1977	677	2062	5669
simvarmass_TMRL_58abd6b5	630	581	160	551	640	126	18743	4516
simvarmass_TMRL_59ada9e0	1232	1173	136	1096	1095	752	1144	5635
simvarmass_TMRL_5bb3b255	1844	1755	172	1675	1797	633	1754	5744
simvarmass_TMRL_5d617c83	2367	2233	77	2082	2057	303	2040	1993
simvarmass_TMRL_5fefc118	1828	1726	169	1571	1635	584	1638	3427
simvarmass_TMRL_600a446c	736	700	130	666	666	431	673	720
simvarmass_TMRL_6040aa37	1019	964	114	922	917	358	938	903
simvarmass_TMRL_604ef355	1816	1729	190	1603	1885	626	1636	5185
simvarmass_TMRL_617d8a56	2286	2161	144	1974	1993	108	14295	7500
simvarmass_TMRL_633d3698	1153	1103	180	1024	1040	561	1044	2098
simvarmass_TMRL_64f6c0b0	2035	1911	104	1783	1754	424	1801	1854
simvarmass_TMRL_6676fd5c	2476	2339	72	2193	2148	305	2151	2123
simvarmass_TMRL_66b77acd	417	396	108	384	374	477	380	477
simvarmass_TMRL_6984e828	2425	2294	154	2117	2138	434	2157	2281
simvarmass_TMRL_6c313417	50	48	134	43	42	780	49	4299
simvarmass_TMRL_6c6e2c30	2350	2219	83	2105	2092	520	2094	2740
simvarmass_TMRL_6dc88c32	120	114	72	93	93	309	94	93
simvarmass_TMRL_6e8cb638	2280	2155	906	370	1995	325	2001	1949
simvarmass_TMRL_6ef7c896	28	28	102	96	8	111	16485	2268
simvarmass_TMRL_70a83343	1055	999	161	914	997	136	17149	8443
simvarmass_TMRL_721e1aef	605	578	122	557	555	471	565	738
simvarmass_TMRL_72d333b8	2309	2178	173	2063	2237	656	2101	7089
simvarmass_TMRL_79b3efaf	170	159	93	150	149	440	149	163
simvarmass_TMRL_7a76b5a4	767	725	122	695	695	557	714	2125
simvarmass_TMRL_7c6cea1c	1124	1053	96	1007	988	318	1000	982
simvarmass_TMRL_7d35c0dc	869	823	152	777	783	125	18462	6491
simvarmass_TMRL_7d3e1a6f	554	520	153	490	514	659	532	3790
simvarmass_TMRL_7d4309e5	1547	1458	177	1349	1371	70	16488	2010
simvarmass_TMRL_7e9c2032	1299	1242	119	1186	1178	387	1194	1180
simvarmass_TMRL_7ed3b3eb	845	804	91	768	747	486	780	996
simvarmass_TMRL_7fab4291	1343	1268	83	1218	1212	198	1211	1188
simvarmass_TMRL_7fbc4fc0	725	688	115	679	674	81	17000	4413
simvarmass_TMRL_80fee400	2214	2116	181	1967	2018	888	2014	10397
simvarmass_TMRL_8160d8bc	1629	1535	82	1463	1452	240	1444	1417
simvarmass_TMRL_81924417	1841	1742	195	1602	1745	193	17300	11537
simvarmass_TMRL_81c5ded7	693	649	102	621	621	324	627	611
simvarmass_TMRL_833b30e6	906	850	78	795	757	299	797	778
simvarmass_TMRL_83872c3e	1638	1548	93	1469	1455	261	1456	1428
simvarmass_TMRL_846117a2	2225	2109	106	1997	1928	428	1968	2040
simvarmass_TMRL_853a3a38	2166	2048	163	1800	1873	99	14386	5356
simvarmass_TMRL_87569aa8	974	918	130	863	858	557	918	2031
simvarmass_TMRL_879db323	1975	1870	133	1727	1723	61	15056	2312
simvarmass_TMRL_87e73254	404	380	163	375	520	215	16359	13530
simvarmass_TMRL_898211e5	1355	1295	102	1238	1235	317	1228	1208
simvarmass_TMRL_8c95d1ab	1346	1286	76	1194	1167	304	1198	1174
simvarmass_TMRL_8d74bdc9	1382	1315	151	1241	1246	454	1289	1494
simvarmass_TMRL_8e20de30	2319	2202	82	2051	2043	60	17179	1988
simvarmass_TMRL_8ea5cf01	2540	2430	161	2131	2168	447	2249	2454
simvarmass_TMRL_8f54885b	2421	2293	137	2124	2124	353	2136	2074
simvarmass_TMRL_91852647	1923	1820	114	1686	1662	484	1681	1977
simvarmass_TMRL_92519093	1509	1412	80	1364	1359	317	1362	1324
simvarmass_TMRL_92f018f0	993	938	101	892	879	279	904	879
simvarmass_TMRL_94722e72	643	616	87	596	596	358	602	592
simvarmass_TMRL_97fa77e2	21	21	96	306	20	257	16431	13257
simvarmass_TMRL_9a4dbf7c	1548	1480	140	1377	1382	88	15218	4462
simvarmass_TMRL_9ab65de4	1179	1111	142	1047	1049	653	1110	3874
simvarmass_TMRL_9b2e6352	1947	1844	150	1770	1779	543	1762	3097
simvarmass_TMRL_9b8222e8	1198	1127	174	1065	1183	749	1173	6713
simvarmass_TMRL_9be462c3	702	673	132	644	644	758	708	6503
simvarmass_TMRL_9d78b00c	467	446	77	444	442	453	451	503
simvarmass_TMRL_9db466e8	1207	1128	112	1088	1077	393	1100	1091
simvarmass_TMRL_9e2ebb0b	1854	1756	133	1676	1674	448	1710	1898
simvarmass_TMRL_a25afbb5	2341	2211	131	2048	2046	382	2032	2001
simvarmass_TMRL_a2e1fcdd	776	737	98	723	720	605	733	2553
simvarmass_TMRL_a566aba4	444	416	105	386	385	514	432	1087
simvarmass_TMRL_a62aa723	1150	1086	143	1029	1030	74	17369	1244
simvarmass_TMRL_a66b9c69	536	511	168	496	505	156	20793	6039
simvarmass_TMRL_a72b8843	1286	1228	83	1165	1146	365	1161	1140
simvarmass_TMRL_a72f8a37	618	595	147	594	600	232	19039	15100
simvarmass_TMRL_a8db5834	256	246	142	215	217	706	238	3949
simvarmass_TMRL_aa416f85	2037	1949	148	1772	1800	898	1849	8302
simvarmass_TMRL_aa62ca2c	1866	1752	110	1647	1624	351	1639	1604
simvarmass_TMRL_ac8b146d	2019	1898	75	1780	1705	477	1754	1992
simvarmass_TMRL_ad3cc05c	1445	1375	175	1297	1328	596	1315	3393
simvarmass_TMRL_ae6ab853	1826	1744	190	1628	1673	159	16726	10018
simvarmass_TMRL_af462d76	420	401	137	349	349	481	371	605
simvarmass_TMRL_afc93458	1511	1428	171	1364	1457	281	19905	17410
simvarmass_TMRL_afda365f	2256	2135	258	1963	2011	240	1982	1951
simvarmass_TMRL_b07da363	1552	1491	157	1416	1422	714	1476	5963
simvarmass_TMRL_b1062cd2	1120	1082	86	1031	1025	310	1030	1014
simvarmass_TMRL_b1617b06	1273	1210	138	1142	1142	460	1152	1278
simvarmass_TMRL_b2a1181c	2027	1921	148	1808	1820	529	1846	3151
simvarmass_TMRL_b53fd232	377	360	204	338	430	499	370	780
simvarmass_TMRL_b58de1b6	1696	1616	114	1521	1500	377	1545	1524
simvarmass_TMRL_b689c4d9	1831	1721	88	1651	1640	328	1616	1602
simvarmass_TMRL_b8c4544d	293	276	162	264	265	483	267	503
simvarmass_TMRL_ba74c496	448	428	147	396	397	560	408	1355
simvarmass_TMRL_bb5e8dac	891	855	160	856	1019	181	16771	11959
simvarmass_TMRL_bbb2fa80	405	380	114	370	369	434	377	413
simvarmass_TMRL_bc410f7e	1615	1525	174	1446	1501	202	17974	13207
simvarmass_TMRL_bdd06456	2057	1944	138	1758	1760	578	1810	3370
simvarmass_TMRL_be862ff3	363	341	54	13064	337	535	341	870
simvarmass_TMRL_beac175f	1991	1880	124	1718	1694	82	14290	5063
simvarmass_TMRL_beb8d9ce	280	265	81	256	252	403	269	269
simvarmass_TMRL_bebc9568	613	586	190	570	680	814	604	7753
simvarmass_TMRL_bf32f465	622	599	171	566	583	733	610	6292
simvarmass_TMRL_bfe94955	1318	1259	127	1209	1203	509	1239	1795
simvarmass_TMRL_c0010e10	1701	1612	127	1533	1532	105	15851	7711
simvarmass_TMRL_c0213033	2467	2320	86	2145	2126	470	2124	2345
simvarmass_TMRL_c02b436f	1345	1277	91	1210	1199	287	1201	1184
simvarmass_TMRL_c0f004c4	1704	1605	146	1506	1510	414	1543	1574
simvarmass_TMRL_c1621bcc	554	530	114	506	504	513	526	1050
simvarmass_TMRL_c1dbffdc	1138	1072	87	1027	1024	233	1024	1001
simvarmass_TMRL_c25f7281	1591	1497	108	1440	1437	100	17672	3172
simvarmass_TMRL_c286e651	276	268	73	262	259	313	267	257
simvarmass_TMRL_c37876a5	762	716	133	657	654	411	684	694
simvarmass_TMRL_c403b364	301	273	88	261	256	500	269	470
simvarmass_TMRL_c4241d45	1396	1327	95	1279	1274	209	1264	1251
simvarmass_TMRL_c465b212	2531	2422	152	2167	2243	83	14198	4529
simvarmass_TMRL_c724cf94	2075	1946	157	1789	1832	83	14482	3775
simvarmass_TMRL_c773909b	887	831	102	827	824	530	861	1763
simvarmass_TMRL_c8168f67	1552	1449	138	1364	1365	482	1410	1736
simvarmass_TMRL_c845118f	476	460	105	425	424	348	428	420
simvarmass_TMRL_c97de8d3	376	363	169	352	669	656	346	4414
simvarmass_TMRL_cc84932a	2255	2138	138	1976	1976	462	1998	2220
simvarmass_TMRL_ce31054b	289	264	99	254	254	663	260	3222
simvarmass_TMRL_ce40b073	1139	1069	160	1013	1024	730	1046	5815
simvarmass_TMRL_cff585d1	1053	997	124	950	947	456	969	1108
simvarmass_TMRL_d12eec9e	549	508	65	504	497	234	493	490
simvarmass_TMRL_d2c8fb9a	475	454	73	453	450	396	457	457
simvarmass_TMRL_d2d73305	1255	1174	183	1038	1086	589	1151	2744
simvarmass_TMRL_d311a735	135	127	124	426	214	145	19106	7035
simvarmass_TMRL_d3939da3	2504	2380	120	2238	2231	617	2226	4697
simvarmass_TMRL_d497b2ec	1870	1760	173	1614	1664	156	17040	9784
simvarmass_TMRL_d4d47896	1003	957	149	937	937	223	20698	14364
simvarmass_TMRL_d5a7c403	1168	1097	107	1075	1075	347	1065	1049
simvarmass_TMRL_d7bbd0e2	2032	1910	106	1811	1804	366	1802	1771
simvarmass_TMRL_d8b2080a	409	385	135	370	370	112	17705	6812
simvarmass_TMRL_d8f4a6ae	1958	1846	131	1723	1721	55	17300	1681
simvarmass_TMRL_d9f4557f	1315	1231	128	1138	1130	376	1180	1155
simvarmass_TMRL_db34801c	2242	2125	542	1080	1954	455	1962	2075
simvarmass_TMRL_db5f4d7e	1287	1224	175	1148	1201	128	18193	5053
simvarmass_TMRL_dc02391f	2259	2123	164	1921	1959	701	2083	6050
simvarmass_TMRL_dcd948ad	1031	986	97	940	922	432	953	1001
simvarmass_TMRL_dd7166d2	2456	2346	1131	349	2192	40	17162	2143
simvarmass_TMRL_de87cb98	1859	1764	144	1594	1602	451	1671	1891
simvarmass_TMRL_e2d70a40	623	589	103	571	570	287	577	563
simvarmass_TMRL_e587ecca	1166	1105	160	1059	1098	616	1109	4371
simvarmass_TMRL_e6bb8457	1159	1088	72	1060	1040	428	1041	1060
simvarmass_TMRL_e79f6619	1716	1630	158	1502	1519	148	15823	9527
simvarmass_TMRL_ea7ac772	41	39	50	33	8	279	9	7
simvarmass_TMRL_eaeb7500	2381	2245	123	1996	1976	316	2002	1927
simvarmass_TMRL_ebd071e5	2555	2415	145	2227	2233	96	14683	6124
simvarmass_TMRL_ec03aa6c	454	431	194	412	547	1123	462	12201
simvarmass_TMRL_ed5a8d2f	1062	1013	143	957	967	697	1012	5012
simvarmass_TMRL_eddd606c	93	92	77	82	82	272	94	82
simvarmass_TMRL_f023a4b4	101	95	105	92	86	620	108	1531
simvarmass_TMRL_f0f3a4a2	1362	1278	69	1233	1207	362	1197	1193
simvarmass_TMRL_f24946d7	1217	1150	154	1098	1108	614	1135	3248
simvarmass_TMRL_f4a57b9f	460	439	176	407	411	494	432	832
simvarmass_TMRL_f5c16209	1638	1535	120	1464	1460	439	1448	1530
simvarmass_TMRL_f7e45d35	1213	1145	86	1111	1105	52	17030	1288
simvarmass_TMRL_f8a97aae	1588	1491	91	1432	1427	310	1411	1400
simvarmass_TMRL_f9a98ebb	140	136	136	137	136	1203	165	20252
simvarmass_TMRL_f9aea244	2358	2232	157	2049	2067	120	14670	8552
simvarmass_TMRL_fa2aaf75	2270	2149	156	1986	2039	149	15374	9095
simvarmass_TMRL_faf6135e	2066	1948	154	1815	1824	695	1844	6214
simvarmass_TMRL_fbfb73de	1239	1160	146	1096	1100	519	1105	1882
simvarmass_TMRL_fc1513a8	1861	1765	137	1649	1649	689	1694	4798
simvarmass_TMRL_fc5b60a0	227	211	149	220	284	728	233	4535
simvarmass_TMRL_fc9ef2d1	1668	1586	146	1487	1487	388	1521	1488
simvarmass_TMRL_fdb9a44a	1252	1188	163	1114	1138	567	1135	2576
simvarmass_TMRL_fe259400	1383	1295	79	1248	1219	447	1220	1282
simvarmass_TMRL_feb3ab2e	1258	1177	154	1150	1160	203	19452	11201
simvarmass_TMRL_ff787d2e	2275	2158	130	2023	2020	536	2077	3471
simvarmass_TMRL_ffeace8a	1248	1173	125	1103	1093	449	1115	1204
