IMGNAME	GROUP_A	GROUP_B	THVAL_HB	SPOTS_HB	FSCORE_HB	THVAL_BF	SPOTS_BF	FSCORE_BF
mESC4d_Tsix-AF594	TsixE_AF594	mESC4d_Tsix	72	NaN	NaN	151	NaN	NaN
mESC4d_Xist-CY5	XistE_CY5	XistE_Hi	62	NaN	NaN	130	NaN	NaN
scrna_E1R2I4_STL1	CTT1_CY5_Smpl	CTT1_CY5_Smpl	84	NaN	NaN	150	NaN	NaN
scrna_E1R2I4_CTT1	STL1_TMR_Smpl	STL1_TMR_Smpl	166	NaN	NaN	113	NaN	NaN
scrna_E2R1I2_STL1	CTT1_CY5_Smpl	CTT1_CY5_Smpl	104	NaN	NaN	638	NaN	NaN
scrna_E2R1I2_CTT1	STL1_TMR_Smpl	STL1_TMR_Smpl	162	NaN	NaN	551	NaN	NaN
scrna_E2R2I3_STL1	CTT1_CY5_Smpl	CTT1_CY5_Smpl	81	NaN	NaN	193	NaN	NaN
scrna_E2R2I3_CTT1	STL1_TMR_Smpl	STL1_TMR_Smpl	98	NaN	NaN	273	NaN	NaN
scrna_E2R2I5_STL1	CTT1_CY5_Smpl	CTT1_CY5_Smpl	66	NaN	NaN	201	NaN	NaN
scrna_E2R2I5_CTT1	STL1_TMR_Smpl	STL1_TMR_Smpl	104	NaN	NaN	317	NaN	NaN
mESC_loday_D0I18_Xist	XistE_CY5	XistE_Lo	58	NaN	NaN	150	NaN	NaN
mESC_loday_D0I18_Tsix	TsixE_TMR	TsixE_loday	118	NaN	NaN	287	NaN	NaN
mESC_loday_D0I04_Xist	XistE_CY5	XistE_Lo	48	NaN	NaN	152	NaN	NaN
mESC_loday_D0I04_Tsix	TsixE_TMR	TsixE_loday	105	NaN	NaN	192	NaN	NaN
mESC_loday_D0I29_Xist	XistE_CY5	XistE_Lo	56	NaN	NaN	132	NaN	NaN
mESC_loday_D0I29_Tsix	TsixE_TMR	TsixE_loday	110	NaN	NaN	264	NaN	NaN
mESC_loday_D0I40_Xist	XistE_CY5	XistE_Lo	50	NaN	NaN	158	NaN	NaN
mESC_loday_D0I40_Tsix	TsixE_TMR	TsixE_loday	101	NaN	NaN	244	NaN	NaN
mESC_loday_DHI07_Xist	XistE_CY5	XistE_Lo	64	NaN	NaN	164	NaN	NaN
mESC_loday_DHI07_Tsix	TsixE_TMR	TsixE_loday	108	NaN	NaN	147	NaN	NaN
mESC_loday_DHI32_Xist	XistE_CY5	XistE_Lo	54	NaN	NaN	137	NaN	NaN
mESC_loday_DHI32_Tsix	TsixE_TMR	TsixE_loday	104	NaN	NaN	181	NaN	NaN
mESC_loday_D1I02_Xist	XistE_CY5	XistE_Hi	57	NaN	NaN	53	NaN	NaN
mESC_loday_D1I02_Tsix	TsixE_TMR	TsixE_loday	111	NaN	NaN	204	NaN	NaN
mESC_loday_D1I15_Xist	XistE_CY5	XistE_Hi	60	NaN	NaN	137	NaN	NaN
mESC_loday_D1I15_Tsix	TsixE_TMR	TsixE_loday	106	NaN	NaN	256	NaN	NaN
mESC_loday_D1I32_Xist	XistE_CY5	XistE_Hi	37	NaN	NaN	98	NaN	NaN
mESC_loday_D1I32_Tsix	TsixE_TMR	TsixE_loday	98	NaN	NaN	174	NaN	NaN
scprotein_Msb2_2M1m	Msb2	Msb2	119	NaN	NaN	221	NaN	NaN
scprotein_Msb2_2M5m	Msb2	Msb2	116	NaN	NaN	5	NaN	NaN
scprotein_Msb2_4M1m	Msb2	Msb2	105	NaN	NaN	782	NaN	NaN
scprotein_Msb2_4M5m	Msb2	Msb2	120	NaN	NaN	246	NaN	NaN
scprotein_Msb2_NoSalt	Msb2	Msb2	107	NaN	NaN	728	NaN	NaN
scprotein_Opy2_2M1m	Opy2	Opy2	114	NaN	NaN	289	NaN	NaN
scprotein_Opy2_2M5m	Opy2	Opy2	108	NaN	NaN	88	NaN	NaN
scprotein_Opy2_4M1m	Opy2	Opy2	107	NaN	NaN	33	NaN	NaN
scprotein_Opy2_4M5m	Opy2	Opy2	104	NaN	NaN	863	NaN	NaN
scprotein_Opy2_NoSalt	Opy2	Opy2	119	NaN	NaN	55	NaN	NaN
histonesc_D0I1A_H3K36me3_Xist	XistI_CY5	XistI_Lo	68	NaN	NaN	163	NaN	NaN
histonesc_D0I1A_H3K36me3_Tsix	TsixI_TMR	TsixI_wHist	129	NaN	NaN	189	NaN	NaN
histonesc_D0I1A_H3K36me3_Histone	H3K36me3	H3K36me3_D0	147	NaN	NaN	109	NaN	NaN
histonesc_D0I1B_H3K36me3_Xist	XistI_CY5	XistI_Lo	67	NaN	NaN	189	NaN	NaN
histonesc_D0I1B_H3K36me3_Tsix	TsixI_TMR	TsixI_wHist	142	NaN	NaN	37	NaN	NaN
histonesc_D0I1B_H3K36me3_Histone	H3K36me3	H3K36me3_D0	158	NaN	NaN	329	NaN	NaN
histonesc_D0I1C_H3K36me3_Xist	XistI_CY5	XistI_Lo	73	NaN	NaN	195	NaN	NaN
histonesc_D0I1C_H3K36me3_Tsix	TsixI_TMR	TsixI_wHist	138	NaN	NaN	267	NaN	NaN
histonesc_D0I1C_H3K36me3_Histone	H3K36me3	H3K36me3_D0	141	NaN	NaN	520	NaN	NaN
histonesc_D0I2A_H3K36me3_Xist	XistI_CY5	XistI_Lo	61	NaN	NaN	202	NaN	NaN
histonesc_D0I2A_H3K36me3_Tsix	TsixI_TMR	TsixI_wHist	134	NaN	NaN	211	NaN	NaN
histonesc_D0I2A_H3K36me3_Histone	H3K36me3	H3K36me3_D0	160	NaN	NaN	22	NaN	NaN
histonesc_D0I2B_H3K36me3_Xist	XistI_CY5	XistI_Lo	72	NaN	NaN	220	NaN	NaN
histonesc_D0I2B_H3K36me3_Tsix	TsixI_TMR	TsixI_wHist	124	NaN	NaN	222	NaN	NaN
histonesc_D0I2B_H3K36me3_Histone	H3K36me3	H3K36me3_D0	145	NaN	NaN	312	NaN	NaN
histonesc_D0I2C_H3K36me3_Xist	XistI_CY5	XistI_Lo	70	NaN	NaN	186	NaN	NaN
histonesc_D0I2C_H3K36me3_Tsix	TsixI_TMR	TsixI_wHist	139	NaN	NaN	156	NaN	NaN
histonesc_D0I2C_H3K36me3_Histone	H3K36me3	H3K36me3_D0	140	NaN	NaN	281	NaN	NaN
histonesc_D0I3A_H3K36me3_Xist	XistI_CY5	XistI_Lo	67	NaN	NaN	201	NaN	NaN
histonesc_D0I3A_H3K36me3_Tsix	TsixI_TMR	TsixI_wHist	137	NaN	NaN	227	NaN	NaN
histonesc_D0I3A_H3K36me3_Histone	H3K36me3	H3K36me3_D0	149	NaN	NaN	274	NaN	NaN
histonesc_D0I3B_H3K36me3_Xist	XistI_CY5	XistI_Lo	62	NaN	NaN	187	NaN	NaN
histonesc_D0I3B_H3K36me3_Tsix	TsixI_TMR	TsixI_wHist	131	NaN	NaN	210	NaN	NaN
histonesc_D0I3B_H3K36me3_Histone	H3K36me3	H3K36me3_D0	157	NaN	NaN	348	NaN	NaN
histonesc_D0I3C_H3K36me3_Xist	XistI_CY5	XistI_Lo	73	NaN	NaN	186	NaN	NaN
histonesc_D0I3C_H3K36me3_Tsix	TsixI_TMR	TsixI_wHist	126	NaN	NaN	183	NaN	NaN
histonesc_D0I3C_H3K36me3_Histone	H3K36me3	H3K36me3_D0	141	NaN	NaN	191	NaN	NaN
histonesc_D2I1A_H3K36me3_Xist	XistI_CY5	XistI_Hi	59	NaN	NaN	185	NaN	NaN
histonesc_D2I1A_H3K36me3_Tsix	TsixI_TMR	TsixI_wHist	116	NaN	NaN	37	NaN	NaN
histonesc_D2I1A_H3K36me3_Histone	H3K36me3	H3K36me3_D2	144	NaN	NaN	258	NaN	NaN
histonesc_D2I1B_H3K36me3_Xist	XistI_CY5	XistI_Hi	58	NaN	NaN	171	NaN	NaN
histonesc_D2I1B_H3K36me3_Tsix	TsixI_TMR	TsixI_wHist	123	NaN	NaN	201	NaN	NaN
histonesc_D2I1B_H3K36me3_Histone	H3K36me3	H3K36me3_D2	143	NaN	NaN	191	NaN	NaN
histonesc_D2I1C_H3K36me3_Xist	XistI_CY5	XistI_Hi	66	NaN	NaN	160	NaN	NaN
histonesc_D2I1C_H3K36me3_Tsix	TsixI_TMR	TsixI_wHist	131	NaN	NaN	39	NaN	NaN
histonesc_D2I1C_H3K36me3_Histone	H3K36me3	H3K36me3_D2	140	NaN	NaN	351	NaN	NaN
histonesc_D2I2A_H3K36me3_Xist	XistI_CY5	XistI_Hi	63	NaN	NaN	182	NaN	NaN
histonesc_D2I2A_H3K36me3_Tsix	TsixI_TMR	TsixI_wHist	125	NaN	NaN	189	NaN	NaN
histonesc_D2I2A_H3K36me3_Histone	H3K36me3	H3K36me3_D2	142	NaN	NaN	271	NaN	NaN
histonesc_D2I2B_H3K36me3_Xist	XistI_CY5	XistI_Hi	73	NaN	NaN	192	NaN	NaN
histonesc_D2I2B_H3K36me3_Tsix	TsixI_TMR	TsixI_wHist	113	NaN	NaN	214	NaN	NaN
histonesc_D2I2B_H3K36me3_Histone	H3K36me3	H3K36me3_D2	145	NaN	NaN	259	NaN	NaN
histonesc_D2I2C_H3K36me3_Xist	XistI_CY5	XistI_Hi	73	NaN	NaN	233	NaN	NaN
histonesc_D2I2C_H3K36me3_Tsix	TsixI_TMR	TsixI_wHist	126	NaN	NaN	39	NaN	NaN
histonesc_D2I2C_H3K36me3_Histone	H3K36me3	H3K36me3_D2	129	NaN	NaN	305	NaN	NaN
histonesc_D2I3A_H3K36me3_Xist	XistI_CY5	XistI_Hi	62	NaN	NaN	158	NaN	NaN
histonesc_D2I3A_H3K36me3_Tsix	TsixI_TMR	TsixI_wHist	126	NaN	NaN	245	NaN	NaN
histonesc_D2I3A_H3K36me3_Histone	H3K36me3	H3K36me3_D2	152	NaN	NaN	229	NaN	NaN
histonesc_D2I3B_H3K36me3_Xist	XistI_CY5	XistI_Hi	63	NaN	NaN	197	NaN	NaN
histonesc_D2I3B_H3K36me3_Tsix	TsixI_TMR	TsixI_wHist	129	NaN	NaN	223	NaN	NaN
histonesc_D2I3B_H3K36me3_Histone	H3K36me3	H3K36me3_D2	132	NaN	NaN	290	NaN	NaN
histonesc_D2I3C_H3K36me3_Xist	XistI_CY5	XistI_Hi	77	NaN	NaN	211	NaN	NaN
histonesc_D2I3C_H3K36me3_Tsix	TsixI_TMR	TsixI_wHist	128	NaN	NaN	36	NaN	NaN
histonesc_D2I3C_H3K36me3_Histone	H3K36me3	H3K36me3_D2	133	NaN	NaN	276	NaN	NaN
ROI001_P01_XY1657818948_Z00_T0_GFP	HeLa_GFP	HeLa_GFP	100	NaN	NaN	722	NaN	NaN
ROI001_P01_XY1657818948_Z00_T0_CY5	HeLa_CY5	HeLa_CY5	113	NaN	NaN	419	NaN	NaN
ROI001_P02_XY1657818949_Z00_T0_GFP	HeLa_GFP	HeLa_GFP	94	NaN	NaN	131	NaN	NaN
ROI001_P02_XY1657818949_Z00_T0_CY5	HeLa_CY5	HeLa_CY5	112	NaN	NaN	109	NaN	NaN
ROI001_P03_XY1657818950_Z00_T0_GFP	HeLa_GFP	HeLa_GFP	108	NaN	NaN	589	NaN	NaN
ROI001_P03_XY1657818950_Z00_T0_CY5	HeLa_CY5	HeLa_CY5	141	NaN	NaN	219	NaN	NaN
ROI001_P04_XY1657818951_Z00_T0_GFP	HeLa_GFP	HeLa_GFP	105	NaN	NaN	962	NaN	NaN
ROI001_P04_XY1657818951_Z00_T0_CY5	HeLa_CY5	HeLa_CY5	132	NaN	NaN	1337	NaN	NaN
ROI001_P05_XY1657818952_Z00_T0_GFP	HeLa_GFP	HeLa_GFP	89	NaN	NaN	906	NaN	NaN
ROI001_P05_XY1657818952_Z00_T0_CY5	HeLa_CY5	HeLa_CY5	117	NaN	NaN	1365	NaN	NaN
ROI001_P06_XY1657818953_Z00_T0_GFP	HeLa_GFP	HeLa_GFP	95	NaN	NaN	336	NaN	NaN
ROI001_P06_XY1657818953_Z00_T0_CY5	HeLa_CY5	HeLa_CY5	123	NaN	NaN	NaN	NaN	NaN
ROI001_P07_XY1657818954_Z00_T0_GFP	HeLa_GFP	HeLa_GFP	99	NaN	NaN	85	NaN	NaN
ROI001_P07_XY1657818954_Z00_T0_CY5	HeLa_CY5	HeLa_CY5	109	NaN	NaN	107	NaN	NaN
ROI001_P08_XY1657818955_Z00_T0_GFP	HeLa_GFP	HeLa_GFP	100	NaN	NaN	599	NaN	NaN
ROI001_P08_XY1657818955_Z00_T0_CY5	HeLa_CY5	HeLa_CY5	114	NaN	NaN	159	NaN	NaN
ROI001_P09_XY1657818956_Z00_T0_GFP	HeLa_GFP	HeLa_GFP	91	NaN	NaN	720	NaN	NaN
ROI001_P09_XY1657818956_Z00_T0_CY5	HeLa_CY5	HeLa_CY5	113	NaN	NaN	1186	NaN	NaN
ROI001_P10_XY1657818957_Z00_T0_GFP	HeLa_GFP	HeLa_GFP	104	NaN	NaN	543	NaN	NaN
ROI001_P10_XY1657818957_Z00_T0_CY5	HeLa_CY5	HeLa_CY5	117	NaN	NaN	NaN	NaN	NaN
ROI001_P11_XY1657818958_Z00_T0_GFP	HeLa_GFP	HeLa_GFP	95	NaN	NaN	617	NaN	NaN
ROI001_P11_XY1657818958_Z00_T0_CY5	HeLa_CY5	HeLa_CY5	120	NaN	NaN	265	NaN	NaN
ROI001_P12_XY1657818959_Z00_T0_GFP	HeLa_GFP	HeLa_GFP	127	NaN	NaN	527	NaN	NaN
ROI001_P12_XY1657818959_Z00_T0_CY5	HeLa_CY5	HeLa_CY5	108	NaN	NaN	1327	NaN	NaN
ROI001_XY1657822809_Z00_T0_GFP	HeLa_GFP	HeLa_GFP	93	NaN	NaN	962	NaN	NaN
ROI001_XY1657822809_Z00_T0_CY5	HeLa_CY5	HeLa_CY5	148	NaN	NaN	NaN	NaN	NaN
ROI002_XY1657822933_Z00_T0_GFP	HeLa_GFP	HeLa_GFP	65	NaN	NaN	769	NaN	NaN
ROI002_XY1657822933_Z00_T0_CY5	HeLa_CY5	HeLa_CY5	123	NaN	NaN	1890	NaN	NaN
ROI003_XY1657822934_Z00_T0_GFP	HeLa_GFP	HeLa_GFP	87	NaN	NaN	978	NaN	NaN
ROI003_XY1657822934_Z00_T0_CY5	HeLa_CY5	HeLa_CY5	112	NaN	NaN	107	NaN	NaN
ROI005_XY1657822936_Z00_T0_GFP	HeLa_GFP	HeLa_GFP	91	NaN	NaN	833	NaN	NaN
ROI005_XY1657822936_Z00_T0_CY5	HeLa_CY5	HeLa_CY5	120	NaN	NaN	262	NaN	NaN
ROI006_XY1657822937_Z00_T0_GFP	HeLa_GFP	HeLa_GFP	63	NaN	NaN	1028	NaN	NaN
ROI006_XY1657822937_Z00_T0_CY5	HeLa_CY5	HeLa_CY5	111	NaN	NaN	163	NaN	NaN
ROI007_XY1657822938_Z00_T0_GFP	HeLa_GFP	HeLa_GFP	62	NaN	NaN	NaN	NaN	NaN
ROI007_XY1657822938_Z00_T0_CY5	HeLa_CY5	HeLa_CY5	134	NaN	NaN	964	NaN	NaN
ROI008_XY1657822939_Z00_T0_GFP	HeLa_GFP	HeLa_GFP	64	NaN	NaN	NaN	NaN	NaN
ROI008_XY1657822939_Z00_T0_CY5	HeLa_CY5	HeLa_CY5	116	NaN	NaN	1191	NaN	NaN
ROI009_XY1657822940_Z00_T0_GFP	HeLa_GFP	HeLa_GFP	62	NaN	NaN	1086	NaN	NaN
ROI009_XY1657822940_Z00_T0_CY5	HeLa_CY5	HeLa_CY5	113	NaN	NaN	NaN	NaN	NaN
ROI010_XY1657822941_Z00_T0_GFP	HeLa_GFP	HeLa_GFP	63	NaN	NaN	764	NaN	NaN
ROI010_XY1657822941_Z00_T0_CY5	HeLa_CY5	HeLa_CY5	110	NaN	NaN	NaN	NaN	NaN
ROI011_XY1657822942_Z00_T0_GFP	HeLa_GFP	HeLa_GFP	59	NaN	NaN	1059	NaN	NaN
ROI011_XY1657822942_Z00_T0_CY5	HeLa_CY5	HeLa_CY5	111	NaN	NaN	686	NaN	NaN
ROI012_XY1657822943_Z00_T0_GFP	HeLa_GFP	HeLa_GFP	70	NaN	NaN	1028	NaN	NaN
ROI012_XY1657822943_Z00_T0_CY5	HeLa_CY5	HeLa_CY5	99	NaN	NaN	531	NaN	NaN
ROI013_XY1657822944_Z00_T0_GFP	HeLa_GFP	HeLa_GFP	75	NaN	NaN	904	NaN	NaN
ROI013_XY1657822944_Z00_T0_CY5	HeLa_CY5	HeLa_CY5	109	NaN	NaN	1111	NaN	NaN
ROI014_XY1657822945_Z00_T0_GFP	HeLa_GFP	HeLa_GFP	109	NaN	NaN	866	NaN	NaN
ROI014_XY1657822945_Z00_T0_CY5	HeLa_CY5	HeLa_CY5	133	NaN	NaN	1454	NaN	NaN
ROI016_XY1657822947_Z00_T0_GFP	HeLa_GFP	HeLa_GFP	87	NaN	NaN	784	NaN	NaN
ROI016_XY1657822947_Z00_T0_CY5	HeLa_CY5	HeLa_CY5	138	NaN	NaN	840	NaN	NaN
ROI017_XY1657822948_Z00_T0_GFP	HeLa_GFP	HeLa_GFP	95	NaN	NaN	837	NaN	NaN
ROI017_XY1657822948_Z00_T0_CY5	HeLa_CY5	HeLa_CY5	127	NaN	NaN	168	NaN	NaN
ROI018_XY1657822949_Z00_T0_GFP	HeLa_GFP	HeLa_GFP	79	NaN	NaN	965	NaN	NaN
ROI018_XY1657822949_Z00_T0_CY5	HeLa_CY5	HeLa_CY5	119	NaN	NaN	1577	NaN	NaN
ROI001_XY1657814108_Z00_T0_GFP	HeLa_GFP	HeLa_GFP	99	NaN	NaN	126	NaN	NaN
ROI001_XY1657814108_Z00_T0_CY5	HeLa_CY5	HeLa_CY5	125	NaN	NaN	112	NaN	NaN
ROI002_XY1657815441_Z00_T0_GFP	HeLa_GFP	HeLa_GFP	102	NaN	NaN	722	NaN	NaN
ROI002_XY1657815441_Z00_T0_CY5	HeLa_CY5	HeLa_CY5	117	NaN	NaN	815	NaN	NaN
ROI003_XY1657814110_Z00_T0_GFP	HeLa_GFP	HeLa_GFP	81	NaN	NaN	116	NaN	NaN
ROI003_XY1657814110_Z00_T0_CY5	HeLa_CY5	HeLa_CY5	123	NaN	NaN	107	NaN	NaN
ROI004_XY1657814111_Z00_T0_GFP	HeLa_GFP	HeLa_GFP	115	NaN	NaN	104	NaN	NaN
ROI004_XY1657814111_Z00_T0_CY5	HeLa_CY5	HeLa_CY5	117	NaN	NaN	125	NaN	NaN
ROI005_XY1657814112_Z00_T0_GFP	HeLa_GFP	HeLa_GFP	111	NaN	NaN	96	NaN	NaN
ROI005_XY1657814112_Z00_T0_CY5	HeLa_CY5	HeLa_CY5	120	NaN	NaN	117	NaN	NaN
ROI006_XY1657814113_Z00_T0_GFP	HeLa_GFP	HeLa_GFP	106	NaN	NaN	137	NaN	NaN
ROI006_XY1657814113_Z00_T0_CY5	HeLa_CY5	HeLa_CY5	116	NaN	NaN	112	NaN	NaN
ROI007_XY1657814114_Z00_T0_GFP	HeLa_GFP	HeLa_GFP	88	NaN	NaN	119	NaN	NaN
ROI007_XY1657814114_Z00_T0_CY5	HeLa_CY5	HeLa_CY5	116	NaN	NaN	106	NaN	NaN
ROI008_XY1657814115_Z00_T0_GFP	HeLa_GFP	HeLa_GFP	124	NaN	NaN	710	NaN	NaN
ROI008_XY1657814115_Z00_T0_CY5	HeLa_CY5	HeLa_CY5	127	NaN	NaN	750	NaN	NaN
ROI009_XY1657814116_Z00_T0_GFP	HeLa_GFP	HeLa_GFP	92	NaN	NaN	145	NaN	NaN
ROI009_XY1657814116_Z00_T0_CY5	HeLa_CY5	HeLa_CY5	130	NaN	NaN	165	NaN	NaN
ROI010_XY1657814117_Z00_T0_GFP	HeLa_GFP	HeLa_GFP	101	NaN	NaN	93	NaN	NaN
ROI010_XY1657814117_Z00_T0_CY5	HeLa_CY5	HeLa_CY5	121	NaN	NaN	110	NaN	NaN
ROI011_XY1657814118_Z00_T0_GFP	HeLa_GFP	HeLa_GFP	109	NaN	NaN	113	NaN	NaN
ROI011_XY1657814118_Z00_T0_CY5	HeLa_CY5	HeLa_CY5	113	NaN	NaN	121	NaN	NaN
ROI012_XY1657814119_Z00_T0_GFP	HeLa_GFP	HeLa_GFP	101	NaN	NaN	554	NaN	NaN
ROI012_XY1657814119_Z00_T0_CY5	HeLa_CY5	HeLa_CY5	127	NaN	NaN	135	NaN	NaN
histonesc_D0I1D_H3K4me2_Xist	XistI_CY5	XistI_Lo	64	NaN	NaN	191	NaN	NaN
histonesc_D0I1D_H3K4me2_Tsix	TsixI_TMR	TsixI_wHist	127	NaN	NaN	210	NaN	NaN
histonesc_D0I1D_H3K4me2_Histone	H3K4me2	H3K4me2_D0	159	NaN	NaN	275	NaN	NaN
histonesc_D0I1E_H3K4me2_Xist	XistI_CY5	XistI_Lo	65	NaN	NaN	179	NaN	NaN
histonesc_D0I1E_H3K4me2_Tsix	TsixI_TMR	TsixI_wHist	150	NaN	NaN	38	NaN	NaN
histonesc_D0I1E_H3K4me2_Histone	H3K4me2	H3K4me2_D0	154	NaN	NaN	279	NaN	NaN
histonesc_D0I2D_H3K4me2_Xist	XistI_CY5	XistI_Lo	97	NaN	NaN	200	NaN	NaN
histonesc_D0I2D_H3K4me2_Tsix	TsixI_TMR	TsixI_wHist	136	NaN	NaN	211	NaN	NaN
histonesc_D0I2D_H3K4me2_Histone	H3K4me2	H3K4me2_D0	136	NaN	NaN	240	NaN	NaN
histonesc_D0I2E_H3K4me2_Xist	XistI_CY5	XistI_Lo	65	NaN	NaN	205	NaN	NaN
histonesc_D0I2E_H3K4me2_Tsix	TsixI_TMR	TsixI_wHist	135	NaN	NaN	212	NaN	NaN
histonesc_D0I2E_H3K4me2_Histone	H3K4me2	H3K4me2_D0	162	NaN	NaN	260	NaN	NaN
histonesc_D2I1D_H3K4me2_Xist	XistI_CY5	XistI_Hi	66	NaN	NaN	205	NaN	NaN
histonesc_D2I1D_H3K4me2_Tsix	TsixI_TMR	TsixI_wHist	121	NaN	NaN	30	NaN	NaN
histonesc_D2I1D_H3K4me2_Histone	H3K4me2	H3K4me2_D2	140	NaN	NaN	276	NaN	NaN
histonesc_D2I1E_H3K4me2_Xist	XistI_CY5	XistI_Hi	71	NaN	NaN	243	NaN	NaN
histonesc_D2I1E_H3K4me2_Tsix	TsixI_TMR	TsixI_wHist	130	NaN	NaN	220	NaN	NaN
histonesc_D2I1E_H3K4me2_Histone	H3K4me2	H3K4me2_D2	161	NaN	NaN	207	NaN	NaN
histonesc_D2I2D_H3K4me2_Xist	XistI_CY5	XistI_Hi	75	NaN	NaN	263	NaN	NaN
histonesc_D2I2D_H3K4me2_Tsix	TsixI_TMR	TsixI_wHist	124	NaN	NaN	36	NaN	NaN
histonesc_D2I2D_H3K4me2_Histone	H3K4me2	H3K4me2_D2	137	NaN	NaN	217	NaN	NaN
histonesc_D2I2E_H3K4me2_Xist	XistI_CY5	XistI_Hi	63	NaN	NaN	255	NaN	NaN
histonesc_D2I2E_H3K4me2_Tsix	TsixI_TMR	TsixI_wHist	125	NaN	NaN	126	NaN	NaN
histonesc_D2I2E_H3K4me2_Histone	H3K4me2	H3K4me2_D2	149	NaN	NaN	121	NaN	NaN
histonesc_D2I3D_H3K4me2_Xist	XistI_CY5	XistI_Hi	62	NaN	NaN	81	NaN	NaN
histonesc_D2I3D_H3K4me2_Tsix	TsixI_TMR	TsixI_wHist	138	NaN	NaN	34	NaN	NaN
histonesc_D2I3D_H3K4me2_Histone	H3K4me2	H3K4me2_D2	145	NaN	NaN	239	NaN	NaN
histonesc_D2I3E_H3K4me2_Xist	XistI_CY5	XistI_Hi	79	NaN	NaN	246	NaN	NaN
histonesc_D2I3E_H3K4me2_Tsix	TsixI_TMR	TsixI_wHist	140	NaN	NaN	180	NaN	NaN
histonesc_D2I3E_H3K4me2_Histone	H3K4me2	H3K4me2_D2	152	NaN	NaN	342	NaN	NaN
sctc_E1R1_0m_I1_STL1	CTT1_CY5	CTT1_E1R1_00min	73	NaN	NaN	190	NaN	NaN
sctc_E1R1_0m_I1_CTT1	STL1_TMR	STL1_E1R1_00min	127	NaN	NaN	339	NaN	NaN
sctc_E1R1_0m_I2_STL1	CTT1_CY5	CTT1_E1R1_00min	83	NaN	NaN	175	NaN	NaN
sctc_E1R1_0m_I2_CTT1	STL1_TMR	STL1_E1R1_00min	118	NaN	NaN	296	NaN	NaN
sctc_E1R1_0m_I3_STL1	CTT1_CY5	CTT1_E1R1_00min	73	NaN	NaN	171	NaN	NaN
sctc_E1R1_0m_I3_CTT1	STL1_TMR	STL1_E1R1_00min	134	NaN	NaN	394	NaN	NaN
sctc_E1R1_0m_I4_STL1	CTT1_CY5	CTT1_E1R1_00min	69	NaN	NaN	169	NaN	NaN
sctc_E1R1_0m_I4_CTT1	STL1_TMR	STL1_E1R1_00min	142	NaN	NaN	46	NaN	NaN
sctc_E1R1_10m_I1_STL1	CTT1_CY5	CTT1_E1R1_10min	85	NaN	NaN	169	NaN	NaN
sctc_E1R1_10m_I1_CTT1	STL1_TMR	STL1_E1R1_10min	150	NaN	NaN	141	NaN	NaN
sctc_E1R1_10m_I2_STL1	CTT1_CY5	CTT1_E1R1_10min	81	NaN	NaN	161	NaN	NaN
sctc_E1R1_10m_I2_CTT1	STL1_TMR	STL1_E1R1_10min	121	NaN	NaN	147	NaN	NaN
sctc_E1R1_10m_I3_STL1	CTT1_CY5	CTT1_E1R1_10min	80	NaN	NaN	163	NaN	NaN
sctc_E1R1_10m_I3_CTT1	STL1_TMR	STL1_E1R1_10min	128	NaN	NaN	150	NaN	NaN
sctc_E1R1_10m_I4_STL1	CTT1_CY5	CTT1_E1R1_10min	78	NaN	NaN	163	NaN	NaN
sctc_E1R1_10m_I4_CTT1	STL1_TMR	STL1_E1R1_10min	137	NaN	NaN	179	NaN	NaN
sctc_E1R1_15m_I1_STL1	CTT1_CY5	CTT1_E1R1_15min	85	NaN	NaN	254	NaN	NaN
sctc_E1R1_15m_I1_CTT1	STL1_TMR	STL1_E1R1_15min	159	NaN	NaN	169	NaN	NaN
sctc_E1R1_15m_I2_STL1	CTT1_CY5	CTT1_E1R1_15min	83	NaN	NaN	215	NaN	NaN
sctc_E1R1_15m_I2_CTT1	STL1_TMR	STL1_E1R1_15min	153	NaN	NaN	176	NaN	NaN
sctc_E1R1_15m_I3_STL1	CTT1_CY5	CTT1_E1R1_15min	96	NaN	NaN	217	NaN	NaN
sctc_E1R1_15m_I3_CTT1	STL1_TMR	STL1_E1R1_15min	136	NaN	NaN	142	NaN	NaN
sctc_E1R1_15m_I4_STL1	CTT1_CY5	CTT1_E1R1_15min	88	NaN	NaN	224	NaN	NaN
sctc_E1R1_15m_I4_CTT1	STL1_TMR	STL1_E1R1_15min	145	NaN	NaN	181	NaN	NaN
sctc_E1R1_1m_I1_STL1	CTT1_CY5	CTT1_E1R1_01min	71	NaN	NaN	176	NaN	NaN
sctc_E1R1_1m_I1_CTT1	STL1_TMR	STL1_E1R1_01min	125	NaN	NaN	299	NaN	NaN
sctc_E1R1_1m_I2_STL1	CTT1_CY5	CTT1_E1R1_01min	71	NaN	NaN	204	NaN	NaN
sctc_E1R1_1m_I2_CTT1	STL1_TMR	STL1_E1R1_01min	114	NaN	NaN	100	NaN	NaN
sctc_E1R1_1m_I3_STL1	CTT1_CY5	CTT1_E1R1_01min	79	NaN	NaN	151	NaN	NaN
sctc_E1R1_1m_I3_CTT1	STL1_TMR	STL1_E1R1_01min	146	NaN	NaN	357	NaN	NaN
sctc_E1R1_1m_I4_STL1	CTT1_CY5	CTT1_E1R1_01min	71	NaN	NaN	191	NaN	NaN
sctc_E1R1_1m_I4_CTT1	STL1_TMR	STL1_E1R1_01min	124	NaN	NaN	271	NaN	NaN
sctc_E1R1_20m_I1_STL1	CTT1_CY5	CTT1_E1R1_20min	105	NaN	NaN	223	NaN	NaN
sctc_E1R1_20m_I1_CTT1	STL1_TMR	STL1_E1R1_20min	163	NaN	NaN	303	NaN	NaN
sctc_E1R1_20m_I2_STL1	CTT1_CY5	CTT1_E1R1_20min	82	NaN	NaN	260	NaN	NaN
sctc_E1R1_20m_I2_CTT1	STL1_TMR	STL1_E1R1_20min	154	NaN	NaN	393	NaN	NaN
sctc_E1R1_20m_I3_STL1	CTT1_CY5	CTT1_E1R1_20min	96	NaN	NaN	213	NaN	NaN
sctc_E1R1_20m_I3_CTT1	STL1_TMR	STL1_E1R1_20min	152	NaN	NaN	385	NaN	NaN
sctc_E1R1_20m_I4_STL1	CTT1_CY5	CTT1_E1R1_20min	85	NaN	NaN	267	NaN	NaN
sctc_E1R1_20m_I4_CTT1	STL1_TMR	STL1_E1R1_20min	145	NaN	NaN	287	NaN	NaN
sctc_E1R1_25m_I1_STL1	CTT1_CY5	CTT1_E1R1_25min	72	NaN	NaN	249	NaN	NaN
sctc_E1R1_25m_I1_CTT1	STL1_TMR	STL1_E1R1_25min	135	NaN	NaN	172	NaN	NaN
sctc_E1R1_25m_I2_STL1	CTT1_CY5	CTT1_E1R1_25min	71	NaN	NaN	210	NaN	NaN
sctc_E1R1_25m_I2_CTT1	STL1_TMR	STL1_E1R1_25min	130	NaN	NaN	163	NaN	NaN
sctc_E1R1_25m_I3_STL1	CTT1_CY5	CTT1_E1R1_25min	66	NaN	NaN	198	NaN	NaN
sctc_E1R1_25m_I3_CTT1	STL1_TMR	STL1_E1R1_25min	123	NaN	NaN	551	NaN	NaN
sctc_E1R1_25m_I4_STL1	CTT1_CY5	CTT1_E1R1_25min	69	NaN	NaN	210	NaN	NaN
sctc_E1R1_25m_I4_CTT1	STL1_TMR	STL1_E1R1_25min	128	NaN	NaN	659	NaN	NaN
sctc_E1R1_2m_I1_STL1	CTT1_CY5	CTT1_E1R1_02min	64	NaN	NaN	161	NaN	NaN
sctc_E1R1_2m_I1_CTT1	STL1_TMR	STL1_E1R1_02min	100	NaN	NaN	261	NaN	NaN
sctc_E1R1_2m_I2_STL1	CTT1_CY5	CTT1_E1R1_02min	66	NaN	NaN	164	NaN	NaN
sctc_E1R1_2m_I2_CTT1	STL1_TMR	STL1_E1R1_02min	104	NaN	NaN	204	NaN	NaN
sctc_E1R1_2m_I3_STL1	CTT1_CY5	CTT1_E1R1_02min	68	NaN	NaN	155	NaN	NaN
sctc_E1R1_2m_I3_CTT1	STL1_TMR	STL1_E1R1_02min	111	NaN	NaN	43	NaN	NaN
sctc_E1R1_2m_I4_STL1	CTT1_CY5	CTT1_E1R1_02min	74	NaN	NaN	169	NaN	NaN
sctc_E1R1_2m_I4_CTT1	STL1_TMR	STL1_E1R1_02min	110	NaN	NaN	72	NaN	NaN
sctc_E1R1_30m_I1_STL1	CTT1_CY5	CTT1_E1R1_30min	72	NaN	NaN	204	NaN	NaN
sctc_E1R1_30m_I1_CTT1	STL1_TMR	STL1_E1R1_30min	153	NaN	NaN	94	NaN	NaN
sctc_E1R1_30m_I2_STL1	CTT1_CY5	CTT1_E1R1_30min	74	NaN	NaN	194	NaN	NaN
sctc_E1R1_30m_I2_CTT1	STL1_TMR	STL1_E1R1_30min	156	NaN	NaN	495	NaN	NaN
sctc_E1R1_30m_I3_STL1	CTT1_CY5	CTT1_E1R1_30min	79	NaN	NaN	180	NaN	NaN
sctc_E1R1_30m_I3_CTT1	STL1_TMR	STL1_E1R1_30min	169	NaN	NaN	480	NaN	NaN
sctc_E1R1_30m_I4_STL1	CTT1_CY5	CTT1_E1R1_30min	82	NaN	NaN	143	NaN	NaN
sctc_E1R1_30m_I4_CTT1	STL1_TMR	STL1_E1R1_30min	168	NaN	NaN	441	NaN	NaN
sctc_E1R1_35m_I1_STL1	CTT1_CY5	CTT1_E1R1_35min	69	NaN	NaN	187	NaN	NaN
sctc_E1R1_35m_I1_CTT1	STL1_TMR	STL1_E1R1_35min	114	NaN	NaN	101	NaN	NaN
sctc_E1R1_35m_I2_STL1	CTT1_CY5	CTT1_E1R1_35min	68	NaN	NaN	151	NaN	NaN
sctc_E1R1_35m_I2_CTT1	STL1_TMR	STL1_E1R1_35min	109	NaN	NaN	64	NaN	NaN
sctc_E1R1_35m_I3_STL1	CTT1_CY5	CTT1_E1R1_35min	64	NaN	NaN	139	NaN	NaN
sctc_E1R1_35m_I3_CTT1	STL1_TMR	STL1_E1R1_35min	115	NaN	NaN	96	NaN	NaN
sctc_E1R1_35m_I4_STL1	CTT1_CY5	CTT1_E1R1_35min	60	NaN	NaN	142	NaN	NaN
sctc_E1R1_35m_I4_CTT1	STL1_TMR	STL1_E1R1_35min	112	NaN	NaN	451	NaN	NaN
sctc_E1R1_40m_I1_STL1	CTT1_CY5	CTT1_E1R1_40min	73	NaN	NaN	179	NaN	NaN
sctc_E1R1_40m_I1_CTT1	STL1_TMR	STL1_E1R1_40min	114	NaN	NaN	82	NaN	NaN
sctc_E1R1_40m_I2_STL1	CTT1_CY5	CTT1_E1R1_40min	70	NaN	NaN	166	NaN	NaN
sctc_E1R1_40m_I2_CTT1	STL1_TMR	STL1_E1R1_40min	124	NaN	NaN	98	NaN	NaN
sctc_E1R1_40m_I3_STL1	CTT1_CY5	CTT1_E1R1_40min	69	NaN	NaN	177	NaN	NaN
sctc_E1R1_40m_I3_CTT1	STL1_TMR	STL1_E1R1_40min	137	NaN	NaN	345	NaN	NaN
sctc_E1R1_40m_I4_STL1	CTT1_CY5	CTT1_E1R1_40min	69	NaN	NaN	188	NaN	NaN
sctc_E1R1_40m_I4_CTT1	STL1_TMR	STL1_E1R1_40min	138	NaN	NaN	517	NaN	NaN
sctc_E1R1_45m_I1_STL1	CTT1_CY5	CTT1_E1R1_45min	75	NaN	NaN	172	NaN	NaN
sctc_E1R1_45m_I1_CTT1	STL1_TMR	STL1_E1R1_45min	139	NaN	NaN	69	NaN	NaN
sctc_E1R1_45m_I2_STL1	CTT1_CY5	CTT1_E1R1_45min	79	NaN	NaN	165	NaN	NaN
sctc_E1R1_45m_I2_CTT1	STL1_TMR	STL1_E1R1_45min	155	NaN	NaN	216	NaN	NaN
sctc_E1R1_45m_I3_STL1	CTT1_CY5	CTT1_E1R1_45min	69	NaN	NaN	188	NaN	NaN
sctc_E1R1_45m_I3_CTT1	STL1_TMR	STL1_E1R1_45min	143	NaN	NaN	130	NaN	NaN
sctc_E1R1_45m_I4_STL1	CTT1_CY5	CTT1_E1R1_45min	68	NaN	NaN	194	NaN	NaN
sctc_E1R1_45m_I4_CTT1	STL1_TMR	STL1_E1R1_45min	132	NaN	NaN	88	NaN	NaN
sctc_E1R1_4m_I1_STL1	CTT1_CY5	CTT1_E1R1_04min	80	NaN	NaN	174	NaN	NaN
sctc_E1R1_4m_I1_CTT1	STL1_TMR	STL1_E1R1_04min	128	NaN	NaN	66	NaN	NaN
sctc_E1R1_4m_I2_STL1	CTT1_CY5	CTT1_E1R1_04min	73	NaN	NaN	194	NaN	NaN
sctc_E1R1_4m_I2_CTT1	STL1_TMR	STL1_E1R1_04min	119	NaN	NaN	306	NaN	NaN
sctc_E1R1_4m_I3_STL1	CTT1_CY5	CTT1_E1R1_04min	73	NaN	NaN	210	NaN	NaN
sctc_E1R1_4m_I3_CTT1	STL1_TMR	STL1_E1R1_04min	133	NaN	NaN	125	NaN	NaN
sctc_E1R1_4m_I4_STL1	CTT1_CY5	CTT1_E1R1_04min	75	NaN	NaN	182	NaN	NaN
sctc_E1R1_4m_I4_CTT1	STL1_TMR	STL1_E1R1_04min	124	NaN	NaN	232	NaN	NaN
sctc_E1R1_50m_I1_STL1	CTT1_CY5	CTT1_E1R1_50min	64	NaN	NaN	161	NaN	NaN
sctc_E1R1_50m_I1_CTT1	STL1_TMR	STL1_E1R1_50min	122	NaN	NaN	113	NaN	NaN
sctc_E1R1_50m_I2_STL1	CTT1_CY5	CTT1_E1R1_50min	69	NaN	NaN	178	NaN	NaN
sctc_E1R1_50m_I2_CTT1	STL1_TMR	STL1_E1R1_50min	126	NaN	NaN	129	NaN	NaN
sctc_E1R1_50m_I3_STL1	CTT1_CY5	CTT1_E1R1_50min	69	NaN	NaN	161	NaN	NaN
sctc_E1R1_50m_I3_CTT1	STL1_TMR	STL1_E1R1_50min	127	NaN	NaN	94	NaN	NaN
sctc_E1R1_55m_I1_STL1	CTT1_CY5	CTT1_E1R1_55min	87	NaN	NaN	214	NaN	NaN
sctc_E1R1_55m_I1_CTT1	STL1_TMR	STL1_E1R1_55min	142	NaN	NaN	67	NaN	NaN
sctc_E1R1_55m_I2_STL1	CTT1_CY5	CTT1_E1R1_55min	91	NaN	NaN	245	NaN	NaN
sctc_E1R1_55m_I2_CTT1	STL1_TMR	STL1_E1R1_55min	152	NaN	NaN	71	NaN	NaN
sctc_E1R1_55m_I3_STL1	CTT1_CY5	CTT1_E1R1_55min	80	NaN	NaN	147	NaN	NaN
sctc_E1R1_55m_I3_CTT1	STL1_TMR	STL1_E1R1_55min	142	NaN	NaN	302	NaN	NaN
sctc_E1R1_55m_I4_STL1	CTT1_CY5	CTT1_E1R1_55min	89	NaN	NaN	234	NaN	NaN
sctc_E1R1_55m_I4_CTT1	STL1_TMR	STL1_E1R1_55min	147	NaN	NaN	126	NaN	NaN
sctc_E1R1_6m_I1_STL1	CTT1_CY5	CTT1_E1R1_06min	50	NaN	NaN	115	NaN	NaN
sctc_E1R1_6m_I1_CTT1	STL1_TMR	STL1_E1R1_06min	120	NaN	NaN	167	NaN	NaN
sctc_E1R1_6m_I2_STL1	CTT1_CY5	CTT1_E1R1_06min	50	NaN	NaN	88	NaN	NaN
sctc_E1R1_6m_I2_CTT1	STL1_TMR	STL1_E1R1_06min	100	NaN	NaN	263	NaN	NaN
sctc_E1R1_6m_I3_STL1	CTT1_CY5	CTT1_E1R1_06min	74	NaN	NaN	111	NaN	NaN
sctc_E1R1_6m_I3_CTT1	STL1_TMR	STL1_E1R1_06min	141	NaN	NaN	146	NaN	NaN
sctc_E1R1_6m_I4_STL1	CTT1_CY5	CTT1_E1R1_06min	76	NaN	NaN	173	NaN	NaN
sctc_E1R1_6m_I4_CTT1	STL1_TMR	STL1_E1R1_06min	139	NaN	NaN	163	NaN	NaN
sctc_E1R1_8m_I1_STL1	CTT1_CY5	CTT1_E1R1_08min	80	NaN	NaN	250	NaN	NaN
sctc_E1R1_8m_I1_CTT1	STL1_TMR	STL1_E1R1_08min	149	NaN	NaN	582	NaN	NaN
sctc_E1R1_8m_I2_STL1	CTT1_CY5	CTT1_E1R1_08min	87	NaN	NaN	140	NaN	NaN
sctc_E1R1_8m_I2_CTT1	STL1_TMR	STL1_E1R1_08min	147	NaN	NaN	144	NaN	NaN
sctc_E1R1_8m_I3_STL1	CTT1_CY5	CTT1_E1R1_08min	80	NaN	NaN	168	NaN	NaN
sctc_E1R1_8m_I3_CTT1	STL1_TMR	STL1_E1R1_08min	155	NaN	NaN	168	NaN	NaN
sctc_E1R1_8m_I4_STL1	CTT1_CY5	CTT1_E1R1_08min	80	NaN	NaN	224	NaN	NaN
sctc_E1R1_8m_I4_CTT1	STL1_TMR	STL1_E1R1_08min	155	NaN	NaN	155	NaN	NaN
sctc_E1R2_0m_I1_STL1	CTT1_CY5	CTT1_E1R2_00min	81	NaN	NaN	169	NaN	NaN
sctc_E1R2_0m_I1_CTT1	STL1_TMR	STL1_E1R2_00min	144	NaN	NaN	48	NaN	NaN
sctc_E1R2_0m_I2_STL1	CTT1_CY5	CTT1_E1R2_00min	72	NaN	NaN	183	NaN	NaN
sctc_E1R2_0m_I2_CTT1	STL1_TMR	STL1_E1R2_00min	134	NaN	NaN	127	NaN	NaN
sctc_E1R2_0m_I3_STL1	CTT1_CY5	CTT1_E1R2_00min	83	NaN	NaN	175	NaN	NaN
sctc_E1R2_0m_I3_CTT1	STL1_TMR	STL1_E1R2_00min	127	NaN	NaN	94	NaN	NaN
sctc_E1R2_0m_I4_STL1	CTT1_CY5	CTT1_E1R2_00min	74	NaN	NaN	188	NaN	NaN
sctc_E1R2_0m_I4_CTT1	STL1_TMR	STL1_E1R2_00min	130	NaN	NaN	81	NaN	NaN
sctc_E1R2_10m_I1_STL1	CTT1_CY5	CTT1_E1R2_10min	52	NaN	NaN	148	NaN	NaN
sctc_E1R2_10m_I1_CTT1	STL1_TMR	STL1_E1R2_10min	165	NaN	NaN	156	NaN	NaN
sctc_E1R2_10m_I2_STL1	CTT1_CY5	CTT1_E1R2_10min	78	NaN	NaN	290	NaN	NaN
sctc_E1R2_10m_I2_CTT1	STL1_TMR	STL1_E1R2_10min	168	NaN	NaN	59	NaN	NaN
sctc_E1R2_10m_I3_STL1	CTT1_CY5	CTT1_E1R2_10min	46	NaN	NaN	168	NaN	NaN
sctc_E1R2_10m_I3_CTT1	STL1_TMR	STL1_E1R2_10min	169	NaN	NaN	62	NaN	NaN
sctc_E1R2_10m_I4_STL1	CTT1_CY5	CTT1_E1R2_10min	82	NaN	NaN	189	NaN	NaN
sctc_E1R2_10m_I4_CTT1	STL1_TMR	STL1_E1R2_10min	154	NaN	NaN	45	NaN	NaN
sctc_E1R2_15m_I1_STL1	CTT1_CY5	CTT1_E1R2_15min	85	NaN	NaN	325	NaN	NaN
sctc_E1R2_15m_I1_CTT1	STL1_TMR	STL1_E1R2_15min	164	NaN	NaN	170	NaN	NaN
sctc_E1R2_15m_I2_STL1	CTT1_CY5	CTT1_E1R2_15min	88	NaN	NaN	240	NaN	NaN
sctc_E1R2_15m_I2_CTT1	STL1_TMR	STL1_E1R2_15min	156	NaN	NaN	194	NaN	NaN
sctc_E1R2_15m_I3_STL1	CTT1_CY5	CTT1_E1R2_15min	100	NaN	NaN	266	NaN	NaN
sctc_E1R2_15m_I3_CTT1	STL1_TMR	STL1_E1R2_15min	179	NaN	NaN	175	NaN	NaN
sctc_E1R2_15m_I4_STL1	CTT1_CY5	CTT1_E1R2_15min	66	NaN	NaN	136	NaN	NaN
sctc_E1R2_15m_I4_CTT1	STL1_TMR	STL1_E1R2_15min	162	NaN	NaN	216	NaN	NaN
sctc_E1R2_1m_I1_STL1	CTT1_CY5	CTT1_E1R2_01min	74	NaN	NaN	220	NaN	NaN
sctc_E1R2_1m_I1_CTT1	STL1_TMR	STL1_E1R2_01min	141	NaN	NaN	425	NaN	NaN
sctc_E1R2_1m_I2_STL1	CTT1_CY5	CTT1_E1R2_01min	77	NaN	NaN	224	NaN	NaN
sctc_E1R2_1m_I2_CTT1	STL1_TMR	STL1_E1R2_01min	142	NaN	NaN	94	NaN	NaN
sctc_E1R2_1m_I3_STL1	CTT1_CY5	CTT1_E1R2_01min	78	NaN	NaN	215	NaN	NaN
sctc_E1R2_1m_I3_CTT1	STL1_TMR	STL1_E1R2_01min	140	NaN	NaN	84	NaN	NaN
sctc_E1R2_1m_I4_STL1	CTT1_CY5	CTT1_E1R2_01min	83	NaN	NaN	194	NaN	NaN
sctc_E1R2_1m_I4_CTT1	STL1_TMR	STL1_E1R2_01min	161	NaN	NaN	514	NaN	NaN
sctc_E1R2_20m_I1_STL1	CTT1_CY5	CTT1_E1R2_20min	108	NaN	NaN	242	NaN	NaN
sctc_E1R2_20m_I1_CTT1	STL1_TMR	STL1_E1R2_20min	179	NaN	NaN	353	NaN	NaN
sctc_E1R2_20m_I2_STL1	CTT1_CY5	CTT1_E1R2_20min	97	NaN	NaN	269	NaN	NaN
sctc_E1R2_20m_I2_CTT1	STL1_TMR	STL1_E1R2_20min	177	NaN	NaN	207	NaN	NaN
sctc_E1R2_20m_I3_STL1	CTT1_CY5	CTT1_E1R2_20min	98	NaN	NaN	277	NaN	NaN
sctc_E1R2_20m_I3_CTT1	STL1_TMR	STL1_E1R2_20min	179	NaN	NaN	362	NaN	NaN
sctc_E1R2_20m_I4_STL1	CTT1_CY5	CTT1_E1R2_20min	87	NaN	NaN	222	NaN	NaN
sctc_E1R2_20m_I4_CTT1	STL1_TMR	STL1_E1R2_20min	179	NaN	NaN	430	NaN	NaN
sctc_E1R2_25m_I1_STL1	CTT1_CY5	CTT1_E1R2_25min	101	NaN	NaN	219	NaN	NaN
sctc_E1R2_25m_I1_CTT1	STL1_TMR	STL1_E1R2_25min	115	NaN	NaN	143	NaN	NaN
sctc_E1R2_25m_I2_STL1	CTT1_CY5	CTT1_E1R2_25min	74	NaN	NaN	234	NaN	NaN
sctc_E1R2_25m_I2_CTT1	STL1_TMR	STL1_E1R2_25min	135	NaN	NaN	199	NaN	NaN
sctc_E1R2_25m_I3_STL1	CTT1_CY5	CTT1_E1R2_25min	78	NaN	NaN	143	NaN	NaN
sctc_E1R2_25m_I3_CTT1	STL1_TMR	STL1_E1R2_25min	112	NaN	NaN	541	NaN	NaN
sctc_E1R2_25m_I4_STL1	CTT1_CY5	CTT1_E1R2_25min	63	NaN	NaN	165	NaN	NaN
sctc_E1R2_25m_I4_CTT1	STL1_TMR	STL1_E1R2_25min	135	NaN	NaN	153	NaN	NaN
sctc_E1R2_2m_I1_STL1	CTT1_CY5	CTT1_E1R2_02min	86	NaN	NaN	252	NaN	NaN
sctc_E1R2_2m_I1_CTT1	STL1_TMR	STL1_E1R2_02min	137	NaN	NaN	100	NaN	NaN
sctc_E1R2_2m_I2_STL1	CTT1_CY5	CTT1_E1R2_02min	80	NaN	NaN	231	NaN	NaN
sctc_E1R2_2m_I2_CTT1	STL1_TMR	STL1_E1R2_02min	153	NaN	NaN	124	NaN	NaN
sctc_E1R2_2m_I3_STL1	CTT1_CY5	CTT1_E1R2_02min	81	NaN	NaN	232	NaN	NaN
sctc_E1R2_2m_I3_CTT1	STL1_TMR	STL1_E1R2_02min	132	NaN	NaN	114	NaN	NaN
sctc_E1R2_2m_I4_STL1	CTT1_CY5	CTT1_E1R2_02min	87	NaN	NaN	248	NaN	NaN
sctc_E1R2_2m_I4_CTT1	STL1_TMR	STL1_E1R2_02min	147	NaN	NaN	103	NaN	NaN
sctc_E1R2_30m_I1_STL1	CTT1_CY5	CTT1_E1R2_30min	92	NaN	NaN	137	NaN	NaN
sctc_E1R2_30m_I1_CTT1	STL1_TMR	STL1_E1R2_30min	140	NaN	NaN	134	NaN	NaN
sctc_E1R2_30m_I2_STL1	CTT1_CY5	CTT1_E1R2_30min	68	NaN	NaN	201	NaN	NaN
sctc_E1R2_30m_I2_CTT1	STL1_TMR	STL1_E1R2_30min	109	NaN	NaN	119	NaN	NaN
sctc_E1R2_30m_I3_STL1	CTT1_CY5	CTT1_E1R2_30min	71	NaN	NaN	149	NaN	NaN
sctc_E1R2_30m_I3_CTT1	STL1_TMR	STL1_E1R2_30min	134	NaN	NaN	128	NaN	NaN
sctc_E1R2_30m_I4_STL1	CTT1_CY5	CTT1_E1R2_30min	68	NaN	NaN	159	NaN	NaN
sctc_E1R2_30m_I4_CTT1	STL1_TMR	STL1_E1R2_30min	118	NaN	NaN	81	NaN	NaN
sctc_E1R2_30m_I7_STL1	CTT1_CY5	CTT1_E1R2_30min	64	NaN	NaN	149	NaN	NaN
sctc_E1R2_30m_I7_CTT1	STL1_TMR	STL1_E1R2_30min	120	NaN	NaN	114	NaN	NaN
sctc_E1R2_35m_I1_STL1	CTT1_CY5	CTT1_E1R2_35min	80	NaN	NaN	178	NaN	NaN
sctc_E1R2_35m_I1_CTT1	STL1_TMR	STL1_E1R2_35min	168	NaN	NaN	137	NaN	NaN
sctc_E1R2_35m_I2_STL1	CTT1_CY5	CTT1_E1R2_35min	80	NaN	NaN	176	NaN	NaN
sctc_E1R2_35m_I2_CTT1	STL1_TMR	STL1_E1R2_35min	163	NaN	NaN	120	NaN	NaN
sctc_E1R2_35m_I3_STL1	CTT1_CY5	CTT1_E1R2_35min	71	NaN	NaN	178	NaN	NaN
sctc_E1R2_35m_I3_CTT1	STL1_TMR	STL1_E1R2_35min	152	NaN	NaN	601	NaN	NaN
sctc_E1R2_35m_I4_STL1	CTT1_CY5	CTT1_E1R2_35min	70	NaN	NaN	147	NaN	NaN
sctc_E1R2_35m_I4_CTT1	STL1_TMR	STL1_E1R2_35min	158	NaN	NaN	107	NaN	NaN
sctc_E1R2_40m_I1_STL1	CTT1_CY5	CTT1_E1R2_40min	82	NaN	NaN	151	NaN	NaN
sctc_E1R2_40m_I1_CTT1	STL1_TMR	STL1_E1R2_40min	134	NaN	NaN	89	NaN	NaN
sctc_E1R2_40m_I2_STL1	CTT1_CY5	CTT1_E1R2_40min	73	NaN	NaN	154	NaN	NaN
sctc_E1R2_40m_I2_CTT1	STL1_TMR	STL1_E1R2_40min	136	NaN	NaN	54	NaN	NaN
sctc_E1R2_40m_I3_STL1	CTT1_CY5	CTT1_E1R2_40min	72	NaN	NaN	158	NaN	NaN
sctc_E1R2_40m_I3_CTT1	STL1_TMR	STL1_E1R2_40min	146	NaN	NaN	98	NaN	NaN
sctc_E1R2_40m_I4_STL1	CTT1_CY5	CTT1_E1R2_40min	69	NaN	NaN	167	NaN	NaN
sctc_E1R2_40m_I4_CTT1	STL1_TMR	STL1_E1R2_40min	149	NaN	NaN	96	NaN	NaN
sctc_E1R2_45m_I1_STL1	CTT1_CY5	CTT1_E1R2_45min	67	NaN	NaN	120	NaN	NaN
sctc_E1R2_45m_I1_CTT1	STL1_TMR	STL1_E1R2_45min	150	NaN	NaN	88	NaN	NaN
sctc_E1R2_45m_I2_STL1	CTT1_CY5	CTT1_E1R2_45min	80	NaN	NaN	180	NaN	NaN
sctc_E1R2_45m_I2_CTT1	STL1_TMR	STL1_E1R2_45min	140	NaN	NaN	82	NaN	NaN
sctc_E1R2_45m_I3_STL1	CTT1_CY5	CTT1_E1R2_45min	77	NaN	NaN	125	NaN	NaN
sctc_E1R2_45m_I3_CTT1	STL1_TMR	STL1_E1R2_45min	131	NaN	NaN	91	NaN	NaN
sctc_E1R2_45m_I4_STL1	CTT1_CY5	CTT1_E1R2_45min	70	NaN	NaN	161	NaN	NaN
sctc_E1R2_45m_I4_CTT1	STL1_TMR	STL1_E1R2_45min	128	NaN	NaN	103	NaN	NaN
sctc_E1R2_4m_I1_STL1	CTT1_CY5	CTT1_E1R2_04min	72	NaN	NaN	164	NaN	NaN
sctc_E1R2_4m_I1_CTT1	STL1_TMR	STL1_E1R2_04min	182	NaN	NaN	162	NaN	NaN
sctc_E1R2_4m_I2_STL1	CTT1_CY5	CTT1_E1R2_04min	82	NaN	NaN	96	NaN	NaN
sctc_E1R2_4m_I2_CTT1	STL1_TMR	STL1_E1R2_04min	181	NaN	NaN	31	NaN	NaN
sctc_E1R2_4m_I3_STL1	CTT1_CY5	CTT1_E1R2_04min	77	NaN	NaN	183	NaN	NaN
sctc_E1R2_4m_I3_CTT1	STL1_TMR	STL1_E1R2_04min	142	NaN	NaN	55	NaN	NaN
sctc_E1R2_4m_I4_STL1	CTT1_CY5	CTT1_E1R2_04min	81	NaN	NaN	119	NaN	NaN
sctc_E1R2_4m_I4_CTT1	STL1_TMR	STL1_E1R2_04min	134	NaN	NaN	36	NaN	NaN
sctc_E1R2_50m_I1_STL1	CTT1_CY5	CTT1_E1R2_50min	62	NaN	NaN	116	NaN	NaN
sctc_E1R2_50m_I1_CTT1	STL1_TMR	STL1_E1R2_50min	104	NaN	NaN	77	NaN	NaN
sctc_E1R2_50m_I2_STL1	CTT1_CY5	CTT1_E1R2_50min	59	NaN	NaN	137	NaN	NaN
sctc_E1R2_50m_I2_CTT1	STL1_TMR	STL1_E1R2_50min	112	NaN	NaN	81	NaN	NaN
sctc_E1R2_50m_I3_STL1	CTT1_CY5	CTT1_E1R2_50min	67	NaN	NaN	130	NaN	NaN
sctc_E1R2_50m_I3_CTT1	STL1_TMR	STL1_E1R2_50min	93	NaN	NaN	78	NaN	NaN
sctc_E1R2_55m_I1_STL1	CTT1_CY5	CTT1_E1R2_55min	81	NaN	NaN	185	NaN	NaN
sctc_E1R2_55m_I1_CTT1	STL1_TMR	STL1_E1R2_55min	153	NaN	NaN	58	NaN	NaN
sctc_E1R2_55m_I2_STL1	CTT1_CY5	CTT1_E1R2_55min	73	NaN	NaN	161	NaN	NaN
sctc_E1R2_55m_I2_CTT1	STL1_TMR	STL1_E1R2_55min	158	NaN	NaN	93	NaN	NaN
sctc_E1R2_55m_I3_STL1	CTT1_CY5	CTT1_E1R2_55min	72	NaN	NaN	160	NaN	NaN
sctc_E1R2_55m_I3_CTT1	STL1_TMR	STL1_E1R2_55min	162	NaN	NaN	70	NaN	NaN
sctc_E1R2_55m_I4_STL1	CTT1_CY5	CTT1_E1R2_55min	97	NaN	NaN	138	NaN	NaN
sctc_E1R2_55m_I4_CTT1	STL1_TMR	STL1_E1R2_55min	153	NaN	NaN	81	NaN	NaN
sctc_E1R2_6m_I1_STL1	CTT1_CY5	CTT1_E1R2_06min	84	NaN	NaN	99	NaN	NaN
sctc_E1R2_6m_I1_CTT1	STL1_TMR	STL1_E1R2_06min	191	NaN	NaN	137	NaN	NaN
sctc_E1R2_6m_I2_STL1	CTT1_CY5	CTT1_E1R2_06min	106	NaN	NaN	140	NaN	NaN
sctc_E1R2_6m_I2_CTT1	STL1_TMR	STL1_E1R2_06min	174	NaN	NaN	198	NaN	NaN
sctc_E1R2_6m_I3_STL1	CTT1_CY5	CTT1_E1R2_06min	84	NaN	NaN	152	NaN	NaN
sctc_E1R2_6m_I3_CTT1	STL1_TMR	STL1_E1R2_06min	169	NaN	NaN	196	NaN	NaN
sctc_E1R2_6m_I4_STL1	CTT1_CY5	CTT1_E1R2_06min	79	NaN	NaN	103	NaN	NaN
sctc_E1R2_6m_I4_CTT1	STL1_TMR	STL1_E1R2_06min	187	NaN	NaN	133	NaN	NaN
sctc_E1R2_8m_I1_STL1	CTT1_CY5	CTT1_E1R2_08min	81	NaN	NaN	99	NaN	NaN
sctc_E1R2_8m_I1_CTT1	STL1_TMR	STL1_E1R2_08min	155	NaN	NaN	97	NaN	NaN
sctc_E1R2_8m_I2_STL1	CTT1_CY5	CTT1_E1R2_08min	98	NaN	NaN	92	NaN	NaN
sctc_E1R2_8m_I2_CTT1	STL1_TMR	STL1_E1R2_08min	147	NaN	NaN	31	NaN	NaN
sctc_E1R2_8m_I3_STL1	CTT1_CY5	CTT1_E1R2_08min	86	NaN	NaN	99	NaN	NaN
sctc_E1R2_8m_I3_CTT1	STL1_TMR	STL1_E1R2_08min	143	NaN	NaN	195	NaN	NaN
sctc_E1R2_8m_I4_STL1	CTT1_CY5	CTT1_E1R2_08min	91	NaN	NaN	109	NaN	NaN
sctc_E1R2_8m_I4_CTT1	STL1_TMR	STL1_E1R2_08min	149	NaN	NaN	137	NaN	NaN
sctc_E2R1_0m_I1_STL1	CTT1_CY5	CTT1_E2R1_00min	86	NaN	NaN	198	NaN	NaN
sctc_E2R1_0m_I1_CTT1	STL1_TMR	STL1_E2R1_00min	135	NaN	NaN	139	NaN	NaN
sctc_E2R1_0m_I2_STL1	CTT1_CY5	CTT1_E2R1_00min	81	NaN	NaN	197	NaN	NaN
sctc_E2R1_0m_I2_CTT1	STL1_TMR	STL1_E2R1_00min	131	NaN	NaN	119	NaN	NaN
sctc_E2R1_0m_I3_STL1	CTT1_CY5	CTT1_E2R1_00min	73	NaN	NaN	188	NaN	NaN
sctc_E2R1_0m_I3_CTT1	STL1_TMR	STL1_E2R1_00min	126	NaN	NaN	98	NaN	NaN
sctc_E2R1_0m_I4_STL1	CTT1_CY5	CTT1_E2R1_00min	68	NaN	NaN	169	NaN	NaN
sctc_E2R1_0m_I4_CTT1	STL1_TMR	STL1_E2R1_00min	129	NaN	NaN	88	NaN	NaN
sctc_E2R1_10m_I1_STL1	CTT1_CY5	CTT1_E2R1_10min	78	NaN	NaN	644	NaN	NaN
sctc_E2R1_10m_I1_CTT1	STL1_TMR	STL1_E2R1_10min	141	NaN	NaN	622	NaN	NaN
sctc_E2R1_10m_I2_STL1	CTT1_CY5	CTT1_E2R1_10min	114	NaN	NaN	639	NaN	NaN
sctc_E2R1_10m_I2_CTT1	STL1_TMR	STL1_E2R1_10min	151	NaN	NaN	71	NaN	NaN
sctc_E2R1_10m_I3_STL1	CTT1_CY5	CTT1_E2R1_10min	111	NaN	NaN	593	NaN	NaN
sctc_E2R1_10m_I3_CTT1	STL1_TMR	STL1_E2R1_10min	167	NaN	NaN	587	NaN	NaN
sctc_E2R1_10m_I4_STL1	CTT1_CY5	CTT1_E2R1_10min	106	NaN	NaN	187	NaN	NaN
sctc_E2R1_10m_I4_CTT1	STL1_TMR	STL1_E2R1_10min	152	NaN	NaN	464	NaN	NaN
sctc_E2R1_15m_I1_STL1	CTT1_CY5	CTT1_E2R1_15min	87	NaN	NaN	280	NaN	NaN
sctc_E2R1_15m_I1_CTT1	STL1_TMR	STL1_E2R1_15min	129	NaN	NaN	63	NaN	NaN
sctc_E2R1_15m_I2_STL1	CTT1_CY5	CTT1_E2R1_15min	107	NaN	NaN	906	NaN	NaN
sctc_E2R1_15m_I2_CTT1	STL1_TMR	STL1_E2R1_15min	160	NaN	NaN	781	NaN	NaN
sctc_E2R1_15m_I3_STL1	CTT1_CY5	CTT1_E2R1_15min	104	NaN	NaN	395	NaN	NaN
sctc_E2R1_15m_I3_CTT1	STL1_TMR	STL1_E2R1_15min	167	NaN	NaN	726	NaN	NaN
sctc_E2R1_15m_I4_STL1	CTT1_CY5	CTT1_E2R1_15min	84	NaN	NaN	220	NaN	NaN
sctc_E2R1_15m_I4_CTT1	STL1_TMR	STL1_E2R1_15min	126	NaN	NaN	49	NaN	NaN
sctc_E2R1_15m_I5_STL1	CTT1_CY5	CTT1_E2R1_15min	99	NaN	NaN	322	NaN	NaN
sctc_E2R1_15m_I5_CTT1	STL1_TMR	STL1_E2R1_15min	145	NaN	NaN	818	NaN	NaN
sctc_E2R1_15m_I6_STL1	CTT1_CY5	CTT1_E2R1_15min	101	NaN	NaN	315	NaN	NaN
sctc_E2R1_15m_I6_CTT1	STL1_TMR	STL1_E2R1_15min	130	NaN	NaN	498	NaN	NaN
sctc_E2R1_15m_I7_STL1	CTT1_CY5	CTT1_E2R1_15min	105	NaN	NaN	317	NaN	NaN
sctc_E2R1_15m_I7_CTT1	STL1_TMR	STL1_E2R1_15min	138	NaN	NaN	592	NaN	NaN
sctc_E2R1_15m_I8_STL1	CTT1_CY5	CTT1_E2R1_15min	108	NaN	NaN	295	NaN	NaN
sctc_E2R1_15m_I8_CTT1	STL1_TMR	STL1_E2R1_15min	145	NaN	NaN	296	NaN	NaN
sctc_E2R1_15m_I9_STL1	CTT1_CY5	CTT1_E2R1_15min	88	NaN	NaN	589	NaN	NaN
sctc_E2R1_15m_I9_CTT1	STL1_TMR	STL1_E2R1_15min	119	NaN	NaN	715	NaN	NaN
sctc_E2R1_1m_I1_STL1	CTT1_CY5	CTT1_E2R1_01min	88	NaN	NaN	183	NaN	NaN
sctc_E2R1_1m_I1_CTT1	STL1_TMR	STL1_E2R1_01min	133	NaN	NaN	97	NaN	NaN
sctc_E2R1_1m_I2_STL1	CTT1_CY5	CTT1_E2R1_01min	72	NaN	NaN	153	NaN	NaN
sctc_E2R1_1m_I2_CTT1	STL1_TMR	STL1_E2R1_01min	111	NaN	NaN	98	NaN	NaN
sctc_E2R1_1m_I3_STL1	CTT1_CY5	CTT1_E2R1_01min	75	NaN	NaN	177	NaN	NaN
sctc_E2R1_1m_I3_CTT1	STL1_TMR	STL1_E2R1_01min	138	NaN	NaN	87	NaN	NaN
sctc_E2R1_1m_I4_STL1	CTT1_CY5	CTT1_E2R1_01min	82	NaN	NaN	186	NaN	NaN
sctc_E2R1_1m_I4_CTT1	STL1_TMR	STL1_E2R1_01min	141	NaN	NaN	104	NaN	NaN
sctc_E2R1_1m_I5_STL1	CTT1_CY5	CTT1_E2R1_01min	76	NaN	NaN	175	NaN	NaN
sctc_E2R1_1m_I5_CTT1	STL1_TMR	STL1_E2R1_01min	133	NaN	NaN	102	NaN	NaN
sctc_E2R1_1m_I6_STL1	CTT1_CY5	CTT1_E2R1_01min	73	NaN	NaN	162	NaN	NaN
sctc_E2R1_1m_I6_CTT1	STL1_TMR	STL1_E2R1_01min	118	NaN	NaN	96	NaN	NaN
sctc_E2R1_20m_I1_STL1	CTT1_CY5	CTT1_E2R1_20min	125	NaN	NaN	292	NaN	NaN
sctc_E2R1_20m_I1_CTT1	STL1_TMR	STL1_E2R1_20min	173	NaN	NaN	824	NaN	NaN
sctc_E2R1_20m_I2_STL1	CTT1_CY5	CTT1_E2R1_20min	113	NaN	NaN	973	NaN	NaN
sctc_E2R1_20m_I2_CTT1	STL1_TMR	STL1_E2R1_20min	165	NaN	NaN	70	NaN	NaN
sctc_E2R1_20m_I3_STL1	CTT1_CY5	CTT1_E2R1_20min	98	NaN	NaN	887	NaN	NaN
sctc_E2R1_20m_I3_CTT1	STL1_TMR	STL1_E2R1_20min	158	NaN	NaN	864	NaN	NaN
sctc_E2R1_20m_I4_STL1	CTT1_CY5	CTT1_E2R1_20min	131	NaN	NaN	354	NaN	NaN
sctc_E2R1_20m_I4_CTT1	STL1_TMR	STL1_E2R1_20min	173	NaN	NaN	691	NaN	NaN
sctc_E2R1_20m_I5_STL1	CTT1_CY5	CTT1_E2R1_20min	76	NaN	NaN	179	NaN	NaN
sctc_E2R1_20m_I5_CTT1	STL1_TMR	STL1_E2R1_20min	168	NaN	NaN	756	NaN	NaN
sctc_E2R1_25m_I1_STL1	CTT1_CY5	CTT1_E2R1_25min	118	NaN	NaN	82	NaN	NaN
sctc_E2R1_25m_I1_CTT1	STL1_TMR	STL1_E2R1_25min	161	NaN	NaN	826	NaN	NaN
sctc_E2R1_25m_I2_STL1	CTT1_CY5	CTT1_E2R1_25min	106	NaN	NaN	125	NaN	NaN
sctc_E2R1_25m_I2_CTT1	STL1_TMR	STL1_E2R1_25min	158	NaN	NaN	798	NaN	NaN
sctc_E2R1_25m_I3_STL1	CTT1_CY5	CTT1_E2R1_25min	106	NaN	NaN	168	NaN	NaN
sctc_E2R1_25m_I3_CTT1	STL1_TMR	STL1_E2R1_25min	158	NaN	NaN	279	NaN	NaN
sctc_E2R1_25m_I4_STL1	CTT1_CY5	CTT1_E2R1_25min	92	NaN	NaN	235	NaN	NaN
sctc_E2R1_25m_I4_CTT1	STL1_TMR	STL1_E2R1_25min	164	NaN	NaN	224	NaN	NaN
sctc_E2R1_2m_I1_STL1	CTT1_CY5	CTT1_E2R1_02min	71	NaN	NaN	174	NaN	NaN
sctc_E2R1_2m_I1_CTT1	STL1_TMR	STL1_E2R1_02min	121	NaN	NaN	95	NaN	NaN
sctc_E2R1_2m_I2_STL1	CTT1_CY5	CTT1_E2R1_02min	72	NaN	NaN	190	NaN	NaN
sctc_E2R1_2m_I2_CTT1	STL1_TMR	STL1_E2R1_02min	136	NaN	NaN	95	NaN	NaN
sctc_E2R1_2m_I3_STL1	CTT1_CY5	CTT1_E2R1_02min	79	NaN	NaN	160	NaN	NaN
sctc_E2R1_2m_I3_CTT1	STL1_TMR	STL1_E2R1_02min	142	NaN	NaN	72	NaN	NaN
sctc_E2R1_2m_I4_STL1	CTT1_CY5	CTT1_E2R1_02min	79	NaN	NaN	158	NaN	NaN
sctc_E2R1_2m_I4_CTT1	STL1_TMR	STL1_E2R1_02min	118	NaN	NaN	104	NaN	NaN
sctc_E2R1_30m_I1_STL1	CTT1_CY5	CTT1_E2R1_30min	110	NaN	NaN	294	NaN	NaN
sctc_E2R1_30m_I1_CTT1	STL1_TMR	STL1_E2R1_30min	112	NaN	NaN	100	NaN	NaN
sctc_E2R1_30m_I2_STL1	CTT1_CY5	CTT1_E2R1_30min	134	NaN	NaN	336	NaN	NaN
sctc_E2R1_30m_I2_CTT1	STL1_TMR	STL1_E2R1_30min	116	NaN	NaN	140	NaN	NaN
sctc_E2R1_30m_I3_STL1	CTT1_CY5	CTT1_E2R1_30min	105	NaN	NaN	330	NaN	NaN
sctc_E2R1_30m_I3_CTT1	STL1_TMR	STL1_E2R1_30min	118	NaN	NaN	141	NaN	NaN
sctc_E2R1_30m_I4_STL1	CTT1_CY5	CTT1_E2R1_30min	104	NaN	NaN	335	NaN	NaN
sctc_E2R1_30m_I4_CTT1	STL1_TMR	STL1_E2R1_30min	114	NaN	NaN	224	NaN	NaN
sctc_E2R1_35m_I1_STL1	CTT1_CY5	CTT1_E2R1_35min	112	NaN	NaN	231	NaN	NaN
sctc_E2R1_35m_I1_CTT1	STL1_TMR	STL1_E2R1_35min	127	NaN	NaN	128	NaN	NaN
sctc_E2R1_35m_I2_STL1	CTT1_CY5	CTT1_E2R1_35min	114	NaN	NaN	250	NaN	NaN
sctc_E2R1_35m_I2_CTT1	STL1_TMR	STL1_E2R1_35min	127	NaN	NaN	140	NaN	NaN
sctc_E2R1_35m_I3_STL1	CTT1_CY5	CTT1_E2R1_35min	113	NaN	NaN	216	NaN	NaN
sctc_E2R1_35m_I3_CTT1	STL1_TMR	STL1_E2R1_35min	134	NaN	NaN	48	NaN	NaN
sctc_E2R1_35m_I4_STL1	CTT1_CY5	CTT1_E2R1_35min	109	NaN	NaN	181	NaN	NaN
sctc_E2R1_35m_I4_CTT1	STL1_TMR	STL1_E2R1_35min	147	NaN	NaN	118	NaN	NaN
sctc_E2R1_40m_I1_STL1	CTT1_CY5	CTT1_E2R1_40min	108	NaN	NaN	192	NaN	NaN
sctc_E2R1_40m_I1_CTT1	STL1_TMR	STL1_E2R1_40min	124	NaN	NaN	123	NaN	NaN
sctc_E2R1_40m_I2_STL1	CTT1_CY5	CTT1_E2R1_40min	104	NaN	NaN	193	NaN	NaN
sctc_E2R1_40m_I2_CTT1	STL1_TMR	STL1_E2R1_40min	131	NaN	NaN	127	NaN	NaN
sctc_E2R1_40m_I3_STL1	CTT1_CY5	CTT1_E2R1_40min	101	NaN	NaN	198	NaN	NaN
sctc_E2R1_40m_I3_CTT1	STL1_TMR	STL1_E2R1_40min	137	NaN	NaN	158	NaN	NaN
sctc_E2R1_40m_I4_STL1	CTT1_CY5	CTT1_E2R1_40min	102	NaN	NaN	263	NaN	NaN
sctc_E2R1_40m_I4_CTT1	STL1_TMR	STL1_E2R1_40min	148	NaN	NaN	417	NaN	NaN
sctc_E2R1_45m_I1_STL1	CTT1_CY5	CTT1_E2R1_45min	90	NaN	NaN	184	NaN	NaN
sctc_E2R1_45m_I1_CTT1	STL1_TMR	STL1_E2R1_45min	125	NaN	NaN	53	NaN	NaN
sctc_E2R1_45m_I2_STL1	CTT1_CY5	CTT1_E2R1_45min	77	NaN	NaN	212	NaN	NaN
sctc_E2R1_45m_I2_CTT1	STL1_TMR	STL1_E2R1_45min	125	NaN	NaN	53	NaN	NaN
sctc_E2R1_45m_I3_STL1	CTT1_CY5	CTT1_E2R1_45min	88	NaN	NaN	271	NaN	NaN
sctc_E2R1_45m_I3_CTT1	STL1_TMR	STL1_E2R1_45min	132	NaN	NaN	111	NaN	NaN
sctc_E2R1_45m_I4_STL1	CTT1_CY5	CTT1_E2R1_45min	81	NaN	NaN	244	NaN	NaN
sctc_E2R1_45m_I4_CTT1	STL1_TMR	STL1_E2R1_45min	114	NaN	NaN	108	NaN	NaN
sctc_E2R1_4m_I1_STL1	CTT1_CY5	CTT1_E2R1_04min	67	NaN	NaN	119	NaN	NaN
sctc_E2R1_4m_I1_CTT1	STL1_TMR	STL1_E2R1_04min	129	NaN	NaN	96	NaN	NaN
sctc_E2R1_4m_I2_STL1	CTT1_CY5	CTT1_E2R1_04min	77	NaN	NaN	137	NaN	NaN
sctc_E2R1_4m_I2_CTT1	STL1_TMR	STL1_E2R1_04min	109	NaN	NaN	108	NaN	NaN
sctc_E2R1_4m_I3_STL1	CTT1_CY5	CTT1_E2R1_04min	73	NaN	NaN	156	NaN	NaN
sctc_E2R1_4m_I3_CTT1	STL1_TMR	STL1_E2R1_04min	111	NaN	NaN	78	NaN	NaN
sctc_E2R1_4m_I4_STL1	CTT1_CY5	CTT1_E2R1_04min	72	NaN	NaN	163	NaN	NaN
sctc_E2R1_4m_I4_CTT1	STL1_TMR	STL1_E2R1_04min	115	NaN	NaN	94	NaN	NaN
sctc_E2R1_50m_I1_STL1	CTT1_CY5	CTT1_E2R1_50min	82	NaN	NaN	191	NaN	NaN
sctc_E2R1_50m_I1_CTT1	STL1_TMR	STL1_E2R1_50min	110	NaN	NaN	267	NaN	NaN
sctc_E2R1_50m_I2_STL1	CTT1_CY5	CTT1_E2R1_50min	84	NaN	NaN	180	NaN	NaN
sctc_E2R1_50m_I2_CTT1	STL1_TMR	STL1_E2R1_50min	124	NaN	NaN	96	NaN	NaN
sctc_E2R1_50m_I3_STL1	CTT1_CY5	CTT1_E2R1_50min	84	NaN	NaN	170	NaN	NaN
sctc_E2R1_50m_I3_CTT1	STL1_TMR	STL1_E2R1_50min	121	NaN	NaN	92	NaN	NaN
sctc_E2R1_50m_I4_STL1	CTT1_CY5	CTT1_E2R1_50min	59	NaN	NaN	118	NaN	NaN
sctc_E2R1_50m_I4_CTT1	STL1_TMR	STL1_E2R1_50min	120	NaN	NaN	92	NaN	NaN
sctc_E2R1_55m_I1_STL1	CTT1_CY5	CTT1_E2R1_55min	81	NaN	NaN	186	NaN	NaN
sctc_E2R1_55m_I1_CTT1	STL1_TMR	STL1_E2R1_55min	107	NaN	NaN	90	NaN	NaN
sctc_E2R1_55m_I2_STL1	CTT1_CY5	CTT1_E2R1_55min	77	NaN	NaN	193	NaN	NaN
sctc_E2R1_55m_I2_CTT1	STL1_TMR	STL1_E2R1_55min	109	NaN	NaN	58	NaN	NaN
sctc_E2R1_55m_I3_STL1	CTT1_CY5	CTT1_E2R1_55min	89	NaN	NaN	143	NaN	NaN
sctc_E2R1_55m_I3_CTT1	STL1_TMR	STL1_E2R1_55min	106	NaN	NaN	324	NaN	NaN
sctc_E2R1_55m_I4_STL1	CTT1_CY5	CTT1_E2R1_55min	89	NaN	NaN	192	NaN	NaN
sctc_E2R1_55m_I4_CTT1	STL1_TMR	STL1_E2R1_55min	116	NaN	NaN	83	NaN	NaN
sctc_E2R1_6m_I1_STL1	CTT1_CY5	CTT1_E2R1_06min	71	NaN	NaN	137	NaN	NaN
sctc_E2R1_6m_I1_CTT1	STL1_TMR	STL1_E2R1_06min	126	NaN	NaN	198	NaN	NaN
sctc_E2R1_6m_I2_STL1	CTT1_CY5	CTT1_E2R1_06min	73	NaN	NaN	143	NaN	NaN
sctc_E2R1_6m_I2_CTT1	STL1_TMR	STL1_E2R1_06min	122	NaN	NaN	64	NaN	NaN
sctc_E2R1_6m_I3_STL1	CTT1_CY5	CTT1_E2R1_06min	69	NaN	NaN	176	NaN	NaN
sctc_E2R1_6m_I3_CTT1	STL1_TMR	STL1_E2R1_06min	121	NaN	NaN	57	NaN	NaN
sctc_E2R1_6m_I4_STL1	CTT1_CY5	CTT1_E2R1_06min	85	NaN	NaN	167	NaN	NaN
sctc_E2R1_6m_I4_CTT1	STL1_TMR	STL1_E2R1_06min	117	NaN	NaN	105	NaN	NaN
sctc_E2R1_8m_I1_STL1	CTT1_CY5	CTT1_E2R1_08min	75	NaN	NaN	155	NaN	NaN
sctc_E2R1_8m_I1_CTT1	STL1_TMR	STL1_E2R1_08min	106	NaN	NaN	153	NaN	NaN
sctc_E2R1_8m_I2_STL1	CTT1_CY5	CTT1_E2R1_08min	67	NaN	NaN	88	NaN	NaN
sctc_E2R1_8m_I2_CTT1	STL1_TMR	STL1_E2R1_08min	104	NaN	NaN	55	NaN	NaN
sctc_E2R1_8m_I3_STL1	CTT1_CY5	CTT1_E2R1_08min	87	NaN	NaN	154	NaN	NaN
sctc_E2R1_8m_I3_CTT1	STL1_TMR	STL1_E2R1_08min	122	NaN	NaN	502	NaN	NaN
sctc_E2R1_8m_I4_STL1	CTT1_CY5	CTT1_E2R1_08min	81	NaN	NaN	150	NaN	NaN
sctc_E2R1_8m_I4_CTT1	STL1_TMR	STL1_E2R1_08min	123	NaN	NaN	63	NaN	NaN
sctc_E2R2_0m_I1_STL1	CTT1_CY5	CTT1_E2R2_00min	67	NaN	NaN	142	NaN	NaN
sctc_E2R2_0m_I1_CTT1	STL1_TMR	STL1_E2R2_00min	117	NaN	NaN	79	NaN	NaN
sctc_E2R2_0m_I2_STL1	CTT1_CY5	CTT1_E2R2_00min	57	NaN	NaN	115	NaN	NaN
sctc_E2R2_0m_I2_CTT1	STL1_TMR	STL1_E2R2_00min	115	NaN	NaN	95	NaN	NaN
sctc_E2R2_0m_I3_STL1	CTT1_CY5	CTT1_E2R2_00min	54	NaN	NaN	132	NaN	NaN
sctc_E2R2_0m_I3_CTT1	STL1_TMR	STL1_E2R2_00min	118	NaN	NaN	102	NaN	NaN
sctc_E2R2_0m_I4_STL1	CTT1_CY5	CTT1_E2R2_00min	81	NaN	NaN	131	NaN	NaN
sctc_E2R2_0m_I4_CTT1	STL1_TMR	STL1_E2R2_00min	113	NaN	NaN	127	NaN	NaN
sctc_E2R2_10m_I1_STL1	CTT1_CY5	CTT1_E2R2_10min	66	NaN	NaN	205	NaN	NaN
sctc_E2R2_10m_I1_CTT1	STL1_TMR	STL1_E2R2_10min	104	NaN	NaN	89	NaN	NaN
sctc_E2R2_10m_I2_STL1	CTT1_CY5	CTT1_E2R2_10min	57	NaN	NaN	158	NaN	NaN
sctc_E2R2_10m_I2_CTT1	STL1_TMR	STL1_E2R2_10min	NaN	NaN	NaN	356	NaN	NaN
sctc_E2R2_10m_I3_STL1	CTT1_CY5	CTT1_E2R2_10min	82	NaN	NaN	193	NaN	NaN
sctc_E2R2_10m_I3_CTT1	STL1_TMR	STL1_E2R2_10min	97	NaN	NaN	111	NaN	NaN
sctc_E2R2_10m_I4_STL1	CTT1_CY5	CTT1_E2R2_10min	61	NaN	NaN	184	NaN	NaN
sctc_E2R2_10m_I4_CTT1	STL1_TMR	STL1_E2R2_10min	104	NaN	NaN	118	NaN	NaN
sctc_E2R2_10m_I5_STL1	CTT1_CY5	CTT1_E2R2_10min	66	NaN	NaN	161	NaN	NaN
sctc_E2R2_10m_I5_CTT1	STL1_TMR	STL1_E2R2_10min	102	NaN	NaN	318	NaN	NaN
sctc_E2R2_15m_I1_STL1	CTT1_CY5	CTT1_E2R2_15min	81	NaN	NaN	237	NaN	NaN
sctc_E2R2_15m_I1_CTT1	STL1_TMR	STL1_E2R2_15min	101	NaN	NaN	404	NaN	NaN
sctc_E2R2_15m_I2_STL1	CTT1_CY5	CTT1_E2R2_15min	70	NaN	NaN	214	NaN	NaN
sctc_E2R2_15m_I2_CTT1	STL1_TMR	STL1_E2R2_15min	111	NaN	NaN	71	NaN	NaN
sctc_E2R2_15m_I3_STL1	CTT1_CY5	CTT1_E2R2_15min	71	NaN	NaN	189	NaN	NaN
sctc_E2R2_15m_I3_CTT1	STL1_TMR	STL1_E2R2_15min	97	NaN	NaN	80	NaN	NaN
sctc_E2R2_15m_I4_STL1	CTT1_CY5	CTT1_E2R2_15min	69	NaN	NaN	219	NaN	NaN
sctc_E2R2_15m_I4_CTT1	STL1_TMR	STL1_E2R2_15min	102	NaN	NaN	71	NaN	NaN
sctc_E2R2_1m_I1_STL1	CTT1_CY5	CTT1_E2R2_01min	73	NaN	NaN	121	NaN	NaN
sctc_E2R2_1m_I1_CTT1	STL1_TMR	STL1_E2R2_01min	146	NaN	NaN	363	NaN	NaN
sctc_E2R2_1m_I2_STL1	CTT1_CY5	CTT1_E2R2_01min	70	NaN	NaN	98	NaN	NaN
sctc_E2R2_1m_I2_CTT1	STL1_TMR	STL1_E2R2_01min	136	NaN	NaN	124	NaN	NaN
sctc_E2R2_1m_I3_STL1	CTT1_CY5	CTT1_E2R2_01min	71	NaN	NaN	117	NaN	NaN
sctc_E2R2_1m_I3_CTT1	STL1_TMR	STL1_E2R2_01min	132	NaN	NaN	512	NaN	NaN
sctc_E2R2_1m_I4_STL1	CTT1_CY5	CTT1_E2R2_01min	63	NaN	NaN	132	NaN	NaN
sctc_E2R2_1m_I4_CTT1	STL1_TMR	STL1_E2R2_01min	118	NaN	NaN	227	NaN	NaN
sctc_E2R2_1m_I5_STL1	CTT1_CY5	CTT1_E2R2_01min	68	NaN	NaN	113	NaN	NaN
sctc_E2R2_1m_I5_CTT1	STL1_TMR	STL1_E2R2_01min	126	NaN	NaN	90	NaN	NaN
sctc_E2R2_20m_I1_STL1	CTT1_CY5	CTT1_E2R2_20min	107	NaN	NaN	777	NaN	NaN
sctc_E2R2_20m_I1_CTT1	STL1_TMR	STL1_E2R2_20min	134	NaN	NaN	836	NaN	NaN
sctc_E2R2_20m_I2_STL1	CTT1_CY5	CTT1_E2R2_20min	94	NaN	NaN	307	NaN	NaN
sctc_E2R2_20m_I2_CTT1	STL1_TMR	STL1_E2R2_20min	118	NaN	NaN	135	NaN	NaN
sctc_E2R2_20m_I3_STL1	CTT1_CY5	CTT1_E2R2_20min	82	NaN	NaN	390	NaN	NaN
sctc_E2R2_20m_I3_CTT1	STL1_TMR	STL1_E2R2_20min	119	NaN	NaN	609	NaN	NaN
sctc_E2R2_20m_I4_STL1	CTT1_CY5	CTT1_E2R2_20min	71	NaN	NaN	268	NaN	NaN
sctc_E2R2_20m_I4_CTT1	STL1_TMR	STL1_E2R2_20min	122	NaN	NaN	24	NaN	NaN
sctc_E2R2_25m_I1_STL1	CTT1_CY5	CTT1_E2R2_25min	81	NaN	NaN	200	NaN	NaN
sctc_E2R2_25m_I1_CTT1	STL1_TMR	STL1_E2R2_25min	102	NaN	NaN	85	NaN	NaN
sctc_E2R2_25m_I2_STL1	CTT1_CY5	CTT1_E2R2_25min	70	NaN	NaN	164	NaN	NaN
sctc_E2R2_25m_I2_CTT1	STL1_TMR	STL1_E2R2_25min	86	NaN	NaN	85	NaN	NaN
sctc_E2R2_25m_I3_STL1	CTT1_CY5	CTT1_E2R2_25min	76	NaN	NaN	241	NaN	NaN
sctc_E2R2_25m_I3_CTT1	STL1_TMR	STL1_E2R2_25min	88	NaN	NaN	268	NaN	NaN
sctc_E2R2_25m_I4_STL1	CTT1_CY5	CTT1_E2R2_25min	82	NaN	NaN	207	NaN	NaN
sctc_E2R2_25m_I4_CTT1	STL1_TMR	STL1_E2R2_25min	97	NaN	NaN	50	NaN	NaN
sctc_E2R2_2m_I1_STL1	CTT1_CY5	CTT1_E2R2_02min	56	NaN	NaN	115	NaN	NaN
sctc_E2R2_2m_I1_CTT1	STL1_TMR	STL1_E2R2_02min	92	NaN	NaN	335	NaN	NaN
sctc_E2R2_2m_I2_STL1	CTT1_CY5	CTT1_E2R2_02min	63	NaN	NaN	87	NaN	NaN
sctc_E2R2_2m_I2_CTT1	STL1_TMR	STL1_E2R2_02min	98	NaN	NaN	73	NaN	NaN
sctc_E2R2_2m_I3_STL1	CTT1_CY5	CTT1_E2R2_02min	60	NaN	NaN	113	NaN	NaN
sctc_E2R2_2m_I3_CTT1	STL1_TMR	STL1_E2R2_02min	103	NaN	NaN	333	NaN	NaN
sctc_E2R2_2m_I4_STL1	CTT1_CY5	CTT1_E2R2_02min	83	NaN	NaN	96	NaN	NaN
sctc_E2R2_2m_I4_CTT1	STL1_TMR	STL1_E2R2_02min	106	NaN	NaN	76	NaN	NaN
sctc_E2R2_30m_I1_STL1	CTT1_CY5	CTT1_E2R2_30min	87	NaN	NaN	246	NaN	NaN
sctc_E2R2_30m_I1_CTT1	STL1_TMR	STL1_E2R2_30min	117	NaN	NaN	224	NaN	NaN
sctc_E2R2_30m_I2_STL1	CTT1_CY5	CTT1_E2R2_30min	87	NaN	NaN	253	NaN	NaN
sctc_E2R2_30m_I2_CTT1	STL1_TMR	STL1_E2R2_30min	118	NaN	NaN	71	NaN	NaN
sctc_E2R2_30m_I3_STL1	CTT1_CY5	CTT1_E2R2_30min	96	NaN	NaN	293	NaN	NaN
sctc_E2R2_30m_I3_CTT1	STL1_TMR	STL1_E2R2_30min	125	NaN	NaN	62	NaN	NaN
sctc_E2R2_30m_I4_STL1	CTT1_CY5	CTT1_E2R2_30min	86	NaN	NaN	260	NaN	NaN
sctc_E2R2_30m_I4_CTT1	STL1_TMR	STL1_E2R2_30min	113	NaN	NaN	118	NaN	NaN
sctc_E2R2_35m_I1_STL1	CTT1_CY5	CTT1_E2R2_35min	73	NaN	NaN	207	NaN	NaN
sctc_E2R2_35m_I1_CTT1	STL1_TMR	STL1_E2R2_35min	106	NaN	NaN	343	NaN	NaN
sctc_E2R2_35m_I2_STL1	CTT1_CY5	CTT1_E2R2_35min	83	NaN	NaN	312	NaN	NaN
sctc_E2R2_35m_I2_CTT1	STL1_TMR	STL1_E2R2_35min	112	NaN	NaN	126	NaN	NaN
sctc_E2R2_35m_I3_STL1	CTT1_CY5	CTT1_E2R2_35min	87	NaN	NaN	297	NaN	NaN
sctc_E2R2_35m_I3_CTT1	STL1_TMR	STL1_E2R2_35min	103	NaN	NaN	116	NaN	NaN
sctc_E2R2_35m_I4_STL1	CTT1_CY5	CTT1_E2R2_35min	82	NaN	NaN	319	NaN	NaN
sctc_E2R2_35m_I4_CTT1	STL1_TMR	STL1_E2R2_35min	113	NaN	NaN	131	NaN	NaN
sctc_E2R2_40m_I1_STL1	CTT1_CY5	CTT1_E2R2_40min	87	NaN	NaN	200	NaN	NaN
sctc_E2R2_40m_I1_CTT1	STL1_TMR	STL1_E2R2_40min	123	NaN	NaN	456	NaN	NaN
sctc_E2R2_40m_I2_STL1	CTT1_CY5	CTT1_E2R2_40min	91	NaN	NaN	199	NaN	NaN
sctc_E2R2_40m_I2_CTT1	STL1_TMR	STL1_E2R2_40min	107	NaN	NaN	91	NaN	NaN
sctc_E2R2_40m_I3_STL1	CTT1_CY5	CTT1_E2R2_40min	79	NaN	NaN	130	NaN	NaN
sctc_E2R2_40m_I3_CTT1	STL1_TMR	STL1_E2R2_40min	126	NaN	NaN	116	NaN	NaN
sctc_E2R2_40m_I4_STL1	CTT1_CY5	CTT1_E2R2_40min	81	NaN	NaN	206	NaN	NaN
sctc_E2R2_40m_I4_CTT1	STL1_TMR	STL1_E2R2_40min	121	NaN	NaN	153	NaN	NaN
sctc_E2R2_45m_I1_STL1	CTT1_CY5	CTT1_E2R2_45min	62	NaN	NaN	209	NaN	NaN
sctc_E2R2_45m_I1_CTT1	STL1_TMR	STL1_E2R2_45min	101	NaN	NaN	97	NaN	NaN
sctc_E2R2_45m_I2_STL1	CTT1_CY5	CTT1_E2R2_45min	72	NaN	NaN	181	NaN	NaN
sctc_E2R2_45m_I2_CTT1	STL1_TMR	STL1_E2R2_45min	108	NaN	NaN	86	NaN	NaN
sctc_E2R2_45m_I3_STL1	CTT1_CY5	CTT1_E2R2_45min	67	NaN	NaN	194	NaN	NaN
sctc_E2R2_45m_I3_CTT1	STL1_TMR	STL1_E2R2_45min	103	NaN	NaN	103	NaN	NaN
sctc_E2R2_45m_I4_STL1	CTT1_CY5	CTT1_E2R2_45min	54	NaN	NaN	147	NaN	NaN
sctc_E2R2_45m_I4_CTT1	STL1_TMR	STL1_E2R2_45min	83	NaN	NaN	100	NaN	NaN
sctc_E2R2_4m_I1_STL1	CTT1_CY5	CTT1_E2R2_04min	49	NaN	NaN	140	NaN	NaN
sctc_E2R2_4m_I1_CTT1	STL1_TMR	STL1_E2R2_04min	86	NaN	NaN	367	NaN	NaN
sctc_E2R2_4m_I2_STL1	CTT1_CY5	CTT1_E2R2_04min	50	NaN	NaN	110	NaN	NaN
sctc_E2R2_4m_I2_CTT1	STL1_TMR	STL1_E2R2_04min	86	NaN	NaN	70	NaN	NaN
sctc_E2R2_4m_I3_STL1	CTT1_CY5	CTT1_E2R2_04min	58	NaN	NaN	95	NaN	NaN
sctc_E2R2_4m_I3_CTT1	STL1_TMR	STL1_E2R2_04min	94	NaN	NaN	73	NaN	NaN
sctc_E2R2_4m_I4_STL1	CTT1_CY5	CTT1_E2R2_04min	48	NaN	NaN	95	NaN	NaN
sctc_E2R2_4m_I4_CTT1	STL1_TMR	STL1_E2R2_04min	84	NaN	NaN	299	NaN	NaN
sctc_E2R2_50m_I1_STL1	CTT1_CY5	CTT1_E2R2_50min	60	NaN	NaN	152	NaN	NaN
sctc_E2R2_50m_I1_CTT1	STL1_TMR	STL1_E2R2_50min	110	NaN	NaN	283	NaN	NaN
sctc_E2R2_50m_I2_STL1	CTT1_CY5	CTT1_E2R2_50min	65	NaN	NaN	150	NaN	NaN
sctc_E2R2_50m_I2_CTT1	STL1_TMR	STL1_E2R2_50min	111	NaN	NaN	118	NaN	NaN
sctc_E2R2_50m_I3_STL1	CTT1_CY5	CTT1_E2R2_50min	64	NaN	NaN	142	NaN	NaN
sctc_E2R2_50m_I3_CTT1	STL1_TMR	STL1_E2R2_50min	119	NaN	NaN	101	NaN	NaN
sctc_E2R2_50m_I4_STL1	CTT1_CY5	CTT1_E2R2_50min	71	NaN	NaN	125	NaN	NaN
sctc_E2R2_50m_I4_CTT1	STL1_TMR	STL1_E2R2_50min	115	NaN	NaN	103	NaN	NaN
sctc_E2R2_50m_I5_STL1	CTT1_CY5	CTT1_E2R2_50min	84	NaN	NaN	160	NaN	NaN
sctc_E2R2_50m_I5_CTT1	STL1_TMR	STL1_E2R2_50min	120	NaN	NaN	112	NaN	NaN
sctc_E2R2_55m_I1_STL1	CTT1_CY5	CTT1_E2R2_55min	65	NaN	NaN	111	NaN	NaN
sctc_E2R2_55m_I1_CTT1	STL1_TMR	STL1_E2R2_55min	116	NaN	NaN	156	NaN	NaN
sctc_E2R2_55m_I2_STL1	CTT1_CY5	CTT1_E2R2_55min	56	NaN	NaN	131	NaN	NaN
sctc_E2R2_55m_I2_CTT1	STL1_TMR	STL1_E2R2_55min	120	NaN	NaN	82	NaN	NaN
sctc_E2R2_55m_I3_STL1	CTT1_CY5	CTT1_E2R2_55min	79	NaN	NaN	138	NaN	NaN
sctc_E2R2_55m_I3_CTT1	STL1_TMR	STL1_E2R2_55min	121	NaN	NaN	94	NaN	NaN
sctc_E2R2_55m_I4_STL1	CTT1_CY5	CTT1_E2R2_55min	58	NaN	NaN	120	NaN	NaN
sctc_E2R2_55m_I4_CTT1	STL1_TMR	STL1_E2R2_55min	114	NaN	NaN	74	NaN	NaN
sctc_E2R2_60m_I1_STL1	CTT1_CY5	CTT1_E2R2_60min	64	NaN	NaN	147	NaN	NaN
sctc_E2R2_60m_I1_CTT1	STL1_TMR	STL1_E2R2_60min	104	NaN	NaN	316	NaN	NaN
sctc_E2R2_60m_I2_STL1	CTT1_CY5	CTT1_E2R2_60min	65	NaN	NaN	160	NaN	NaN
sctc_E2R2_60m_I2_CTT1	STL1_TMR	STL1_E2R2_60min	119	NaN	NaN	62	NaN	NaN
sctc_E2R2_60m_I3_STL1	CTT1_CY5	CTT1_E2R2_60min	76	NaN	NaN	156	NaN	NaN
sctc_E2R2_60m_I3_CTT1	STL1_TMR	STL1_E2R2_60min	120	NaN	NaN	58	NaN	NaN
sctc_E2R2_60m_I4_STL1	CTT1_CY5	CTT1_E2R2_60min	61	NaN	NaN	165	NaN	NaN
sctc_E2R2_60m_I4_CTT1	STL1_TMR	STL1_E2R2_60min	113	NaN	NaN	374	NaN	NaN
sctc_E2R2_6m_I1_STL1	CTT1_CY5	CTT1_E2R2_06min	64	NaN	NaN	169	NaN	NaN
sctc_E2R2_6m_I1_CTT1	STL1_TMR	STL1_E2R2_06min	126	NaN	NaN	373	NaN	NaN
sctc_E2R2_6m_I2_STL1	CTT1_CY5	CTT1_E2R2_06min	60	NaN	NaN	134	NaN	NaN
sctc_E2R2_6m_I2_CTT1	STL1_TMR	STL1_E2R2_06min	118	NaN	NaN	335	NaN	NaN
sctc_E2R2_6m_I3_STL1	CTT1_CY5	CTT1_E2R2_06min	63	NaN	NaN	153	NaN	NaN
sctc_E2R2_6m_I3_CTT1	STL1_TMR	STL1_E2R2_06min	131	NaN	NaN	149	NaN	NaN
sctc_E2R2_6m_I4_STL1	CTT1_CY5	CTT1_E2R2_06min	63	NaN	NaN	137	NaN	NaN
sctc_E2R2_6m_I4_CTT1	STL1_TMR	STL1_E2R2_06min	124	NaN	NaN	399	NaN	NaN
sctc_E2R2_8m_I1_STL1	CTT1_CY5	CTT1_E2R2_08min	58	NaN	NaN	148	NaN	NaN
sctc_E2R2_8m_I1_CTT1	STL1_TMR	STL1_E2R2_08min	100	NaN	NaN	333	NaN	NaN
sctc_E2R2_8m_I2_STL1	CTT1_CY5	CTT1_E2R2_08min	53	NaN	NaN	167	NaN	NaN
sctc_E2R2_8m_I2_CTT1	STL1_TMR	STL1_E2R2_08min	105	NaN	NaN	132	NaN	NaN
sctc_E2R2_8m_I3_STL1	CTT1_CY5	CTT1_E2R2_08min	58	NaN	NaN	185	NaN	NaN
sctc_E2R2_8m_I3_CTT1	STL1_TMR	STL1_E2R2_08min	113	NaN	NaN	130	NaN	NaN
sctc_E2R2_8m_I4_STL1	CTT1_CY5	CTT1_E2R2_08min	75	NaN	NaN	128	NaN	NaN
sctc_E2R2_8m_I4_CTT1	STL1_TMR	STL1_E2R2_08min	96	NaN	NaN	173	NaN	NaN
sctc_E2R3_0m_I1_STL1	CTT1_CY5	CTT1_E2R3_00min	34	NaN	NaN	57	NaN	NaN
sctc_E2R3_0m_I1_CTT1	STL1_TMR	STL1_E2R3_00min	55	NaN	NaN	129	NaN	NaN
sctc_E2R3_0m_I2_STL1	CTT1_CY5	CTT1_E2R3_00min	46	NaN	NaN	129	NaN	NaN
sctc_E2R3_0m_I2_CTT1	STL1_TMR	STL1_E2R3_00min	59	NaN	NaN	59	NaN	NaN
sctc_E2R3_0m_I3_STL1	CTT1_CY5	CTT1_E2R3_00min	32	NaN	NaN	68	NaN	NaN
sctc_E2R3_0m_I3_CTT1	STL1_TMR	STL1_E2R3_00min	69	NaN	NaN	69	NaN	NaN
sctc_E2R3_0m_I4_STL1	CTT1_CY5	CTT1_E2R3_00min	39	NaN	NaN	57	NaN	NaN
sctc_E2R3_0m_I4_CTT1	STL1_TMR	STL1_E2R3_00min	67	NaN	NaN	141	NaN	NaN
sctc_E2R3_0m_I5_STL1	CTT1_CY5	CTT1_E2R3_00min	36	NaN	NaN	130	NaN	NaN
sctc_E2R3_0m_I5_CTT1	STL1_TMR	STL1_E2R3_00min	62	NaN	NaN	145	NaN	NaN
sctc_E2R3_10m_I1_STL1	CTT1_CY5	CTT1_E2R3_10min	62	NaN	NaN	132	NaN	NaN
sctc_E2R3_10m_I1_CTT1	STL1_TMR	STL1_E2R3_10min	103	NaN	NaN	490	NaN	NaN
sctc_E2R3_10m_I2_STL1	CTT1_CY5	CTT1_E2R3_10min	64	NaN	NaN	115	NaN	NaN
sctc_E2R3_10m_I2_CTT1	STL1_TMR	STL1_E2R3_10min	88	NaN	NaN	94	NaN	NaN
sctc_E2R3_10m_I3_STL1	CTT1_CY5	CTT1_E2R3_10min	84	NaN	NaN	116	NaN	NaN
sctc_E2R3_10m_I3_CTT1	STL1_TMR	STL1_E2R3_10min	92	NaN	NaN	566	NaN	NaN
sctc_E2R3_10m_I4_STL1	CTT1_CY5	CTT1_E2R3_10min	66	NaN	NaN	109	NaN	NaN
sctc_E2R3_10m_I4_CTT1	STL1_TMR	STL1_E2R3_10min	95	NaN	NaN	573	NaN	NaN
sctc_E2R3_10m_I5_STL1	CTT1_CY5	CTT1_E2R3_10min	55	NaN	NaN	116	NaN	NaN
sctc_E2R3_10m_I5_CTT1	STL1_TMR	STL1_E2R3_10min	76	NaN	NaN	527	NaN	NaN
sctc_E2R3_15m_I1_STL1	CTT1_CY5	CTT1_E2R3_15min	61	NaN	NaN	134	NaN	NaN
sctc_E2R3_15m_I1_CTT1	STL1_TMR	STL1_E2R3_15min	73	NaN	NaN	694	NaN	NaN
sctc_E2R3_15m_I2_STL1	CTT1_CY5	CTT1_E2R3_15min	62	NaN	NaN	161	NaN	NaN
sctc_E2R3_15m_I2_CTT1	STL1_TMR	STL1_E2R3_15min	89	NaN	NaN	480	NaN	NaN
sctc_E2R3_15m_I3_STL1	CTT1_CY5	CTT1_E2R3_15min	72	NaN	NaN	108	NaN	NaN
sctc_E2R3_15m_I3_CTT1	STL1_TMR	STL1_E2R3_15min	79	NaN	NaN	180	NaN	NaN
sctc_E2R3_15m_I4_STL1	CTT1_CY5	CTT1_E2R3_15min	61	NaN	NaN	122	NaN	NaN
sctc_E2R3_15m_I4_CTT1	STL1_TMR	STL1_E2R3_15min	87	NaN	NaN	142	NaN	NaN
sctc_E2R3_15m_I5_STL1	CTT1_CY5	CTT1_E2R3_15min	54	NaN	NaN	166	NaN	NaN
sctc_E2R3_15m_I5_CTT1	STL1_TMR	STL1_E2R3_15min	76	NaN	NaN	160	NaN	NaN
sctc_E2R3_20m_I1_STL1	CTT1_CY5	CTT1_E2R3_20min	62	NaN	NaN	148	NaN	NaN
sctc_E2R3_20m_I1_CTT1	STL1_TMR	STL1_E2R3_20min	95	NaN	NaN	796	NaN	NaN
sctc_E2R3_20m_I2_STL1	CTT1_CY5	CTT1_E2R3_20min	92	NaN	NaN	180	NaN	NaN
sctc_E2R3_20m_I2_CTT1	STL1_TMR	STL1_E2R3_20min	90	NaN	NaN	751	NaN	NaN
sctc_E2R3_20m_I3_STL1	CTT1_CY5	CTT1_E2R3_20min	65	NaN	NaN	204	NaN	NaN
sctc_E2R3_20m_I3_CTT1	STL1_TMR	STL1_E2R3_20min	88	NaN	NaN	713	NaN	NaN
sctc_E2R3_20m_I4_STL1	CTT1_CY5	CTT1_E2R3_20min	76	NaN	NaN	155	NaN	NaN
sctc_E2R3_20m_I4_CTT1	STL1_TMR	STL1_E2R3_20min	77	NaN	NaN	721	NaN	NaN
sctc_E2R3_20m_I5_STL1	CTT1_CY5	CTT1_E2R3_20min	75	NaN	NaN	182	NaN	NaN
sctc_E2R3_20m_I5_CTT1	STL1_TMR	STL1_E2R3_20min	88	NaN	NaN	612	NaN	NaN
sctc_E2R3_25m_I1_STL1	CTT1_CY5	CTT1_E2R3_25min	87	NaN	NaN	106	NaN	NaN
sctc_E2R3_25m_I1_CTT1	STL1_TMR	STL1_E2R3_25min	76	NaN	NaN	115	NaN	NaN
sctc_E2R3_25m_I2_STL1	CTT1_CY5	CTT1_E2R3_25min	63	NaN	NaN	117	NaN	NaN
sctc_E2R3_25m_I2_CTT1	STL1_TMR	STL1_E2R3_25min	86	NaN	NaN	146	NaN	NaN
sctc_E2R3_25m_I3_STL1	CTT1_CY5	CTT1_E2R3_25min	99	NaN	NaN	180	NaN	NaN
sctc_E2R3_25m_I3_CTT1	STL1_TMR	STL1_E2R3_25min	88	NaN	NaN	790	NaN	NaN
sctc_E2R3_25m_I4_STL1	CTT1_CY5	CTT1_E2R3_25min	92	NaN	NaN	199	NaN	NaN
sctc_E2R3_25m_I4_CTT1	STL1_TMR	STL1_E2R3_25min	78	NaN	NaN	159	NaN	NaN
sctc_E2R3_25m_I5_STL1	CTT1_CY5	CTT1_E2R3_25min	70	NaN	NaN	211	NaN	NaN
sctc_E2R3_25m_I5_CTT1	STL1_TMR	STL1_E2R3_25min	86	NaN	NaN	595	NaN	NaN
sctc_E2R3_2m_I1_STL1	CTT1_CY5	CTT1_E2R3_02min	40	NaN	NaN	88	NaN	NaN
sctc_E2R3_2m_I1_CTT1	STL1_TMR	STL1_E2R3_02min	66	NaN	NaN	68	NaN	NaN
sctc_E2R3_2m_I2_STL1	CTT1_CY5	CTT1_E2R3_02min	56	NaN	NaN	195	NaN	NaN
sctc_E2R3_2m_I2_CTT1	STL1_TMR	STL1_E2R3_02min	105	NaN	NaN	317	NaN	NaN
sctc_E2R3_2m_I3_STL1	CTT1_CY5	CTT1_E2R3_02min	39	NaN	NaN	113	NaN	NaN
sctc_E2R3_2m_I3_CTT1	STL1_TMR	STL1_E2R3_02min	75	NaN	NaN	68	NaN	NaN
sctc_E2R3_2m_I4_STL1	CTT1_CY5	CTT1_E2R3_02min	39	NaN	NaN	154	NaN	NaN
sctc_E2R3_2m_I4_CTT1	STL1_TMR	STL1_E2R3_02min	72	NaN	NaN	40	NaN	NaN
sctc_E2R3_30m_I1_STL1	CTT1_CY5	CTT1_E2R3_30min	83	NaN	NaN	129	NaN	NaN
sctc_E2R3_30m_I1_CTT1	STL1_TMR	STL1_E2R3_30min	69	NaN	NaN	108	NaN	NaN
sctc_E2R3_30m_I2_STL1	CTT1_CY5	CTT1_E2R3_30min	60	NaN	NaN	129	NaN	NaN
sctc_E2R3_30m_I2_CTT1	STL1_TMR	STL1_E2R3_30min	85	NaN	NaN	174	NaN	NaN
sctc_E2R3_30m_I3_STL1	CTT1_CY5	CTT1_E2R3_30min	64	NaN	NaN	142	NaN	NaN
sctc_E2R3_30m_I3_CTT1	STL1_TMR	STL1_E2R3_30min	80	NaN	NaN	177	NaN	NaN
sctc_E2R3_30m_I4_STL1	CTT1_CY5	CTT1_E2R3_30min	66	NaN	NaN	168	NaN	NaN
sctc_E2R3_30m_I4_CTT1	STL1_TMR	STL1_E2R3_30min	77	NaN	NaN	216	NaN	NaN
sctc_E2R3_30m_I5_STL1	CTT1_CY5	CTT1_E2R3_30min	65	NaN	NaN	150	NaN	NaN
sctc_E2R3_30m_I5_CTT1	STL1_TMR	STL1_E2R3_30min	85	NaN	NaN	140	NaN	NaN
sctc_E2R3_35m_I1_STL1	CTT1_CY5	CTT1_E2R3_35min	66	NaN	NaN	117	NaN	NaN
sctc_E2R3_35m_I1_CTT1	STL1_TMR	STL1_E2R3_35min	79	NaN	NaN	152	NaN	NaN
sctc_E2R3_35m_I2_STL1	CTT1_CY5	CTT1_E2R3_35min	52	NaN	NaN	124	NaN	NaN
sctc_E2R3_35m_I2_CTT1	STL1_TMR	STL1_E2R3_35min	65	NaN	NaN	142	NaN	NaN
sctc_E2R3_35m_I3_STL1	CTT1_CY5	CTT1_E2R3_35min	81	NaN	NaN	103	NaN	NaN
sctc_E2R3_35m_I3_CTT1	STL1_TMR	STL1_E2R3_35min	77	NaN	NaN	141	NaN	NaN
sctc_E2R3_35m_I4_STL1	CTT1_CY5	CTT1_E2R3_35min	52	NaN	NaN	120	NaN	NaN
sctc_E2R3_35m_I4_CTT1	STL1_TMR	STL1_E2R3_35min	72	NaN	NaN	156	NaN	NaN
sctc_E2R3_35m_I5_STL1	CTT1_CY5	CTT1_E2R3_35min	52	NaN	NaN	126	NaN	NaN
sctc_E2R3_35m_I5_CTT1	STL1_TMR	STL1_E2R3_35min	89	NaN	NaN	171	NaN	NaN
sctc_E2R3_40m_I1_STL1	CTT1_CY5	CTT1_E2R3_40min	63	NaN	NaN	131	NaN	NaN
sctc_E2R3_40m_I1_CTT1	STL1_TMR	STL1_E2R3_40min	86	NaN	NaN	189	NaN	NaN
sctc_E2R3_40m_I2_STL1	CTT1_CY5	CTT1_E2R3_40min	58	NaN	NaN	131	NaN	NaN
sctc_E2R3_40m_I2_CTT1	STL1_TMR	STL1_E2R3_40min	77	NaN	NaN	182	NaN	NaN
sctc_E2R3_40m_I4_STL1	CTT1_CY5	CTT1_E2R3_40min	51	NaN	NaN	120	NaN	NaN
sctc_E2R3_40m_I4_CTT1	STL1_TMR	STL1_E2R3_40min	73	NaN	NaN	160	NaN	NaN
sctc_E2R3_45m_I1_STL1	CTT1_CY5	CTT1_E2R3_45min	51	NaN	NaN	86	NaN	NaN
sctc_E2R3_45m_I1_CTT1	STL1_TMR	STL1_E2R3_45min	74	NaN	NaN	180	NaN	NaN
sctc_E2R3_45m_I2_STL1	CTT1_CY5	CTT1_E2R3_45min	52	NaN	NaN	113	NaN	NaN
sctc_E2R3_45m_I2_CTT1	STL1_TMR	STL1_E2R3_45min	82	NaN	NaN	191	NaN	NaN
sctc_E2R3_45m_I3_STL1	CTT1_CY5	CTT1_E2R3_45min	46	NaN	NaN	90	NaN	NaN
sctc_E2R3_45m_I3_CTT1	STL1_TMR	STL1_E2R3_45min	83	NaN	NaN	196	NaN	NaN
sctc_E2R3_45m_I4_STL1	CTT1_CY5	CTT1_E2R3_45min	54	NaN	NaN	102	NaN	NaN
sctc_E2R3_45m_I4_CTT1	STL1_TMR	STL1_E2R3_45min	83	NaN	NaN	205	NaN	NaN
sctc_E2R3_4m_I1_STL1	CTT1_CY5	CTT1_E2R3_04min	41	NaN	NaN	104	NaN	NaN
sctc_E2R3_4m_I1_CTT1	STL1_TMR	STL1_E2R3_04min	86	NaN	NaN	213	NaN	NaN
sctc_E2R3_4m_I2_STL1	CTT1_CY5	CTT1_E2R3_04min	45	NaN	NaN	105	NaN	NaN
sctc_E2R3_4m_I2_CTT1	STL1_TMR	STL1_E2R3_04min	93	NaN	NaN	293	NaN	NaN
sctc_E2R3_4m_I3_STL1	CTT1_CY5	CTT1_E2R3_04min	37	NaN	NaN	108	NaN	NaN
sctc_E2R3_4m_I3_CTT1	STL1_TMR	STL1_E2R3_04min	71	NaN	NaN	268	NaN	NaN
sctc_E2R3_4m_I4_STL1	CTT1_CY5	CTT1_E2R3_04min	48	NaN	NaN	108	NaN	NaN
sctc_E2R3_4m_I4_CTT1	STL1_TMR	STL1_E2R3_04min	85	NaN	NaN	197	NaN	NaN
sctc_E2R3_50m_I1_STL1	CTT1_CY5	CTT1_E2R3_50min	53	NaN	NaN	105	NaN	NaN
sctc_E2R3_50m_I1_CTT1	STL1_TMR	STL1_E2R3_50min	89	NaN	NaN	229	NaN	NaN
sctc_E2R3_50m_I2_STL1	CTT1_CY5	CTT1_E2R3_50min	63	NaN	NaN	141	NaN	NaN
sctc_E2R3_50m_I2_CTT1	STL1_TMR	STL1_E2R3_50min	72	NaN	NaN	183	NaN	NaN
sctc_E2R3_50m_I3_STL1	CTT1_CY5	CTT1_E2R3_50min	42	NaN	NaN	80	NaN	NaN
sctc_E2R3_50m_I3_CTT1	STL1_TMR	STL1_E2R3_50min	66	NaN	NaN	168	NaN	NaN
sctc_E2R3_50m_I4_STL1	CTT1_CY5	CTT1_E2R3_50min	44	NaN	NaN	141	NaN	NaN
sctc_E2R3_50m_I4_CTT1	STL1_TMR	STL1_E2R3_50min	92	NaN	NaN	172	NaN	NaN
sctc_E2R3_55m_I1_STL1	CTT1_CY5	CTT1_E2R3_55min	54	NaN	NaN	115	NaN	NaN
sctc_E2R3_55m_I1_CTT1	STL1_TMR	STL1_E2R3_55min	86	NaN	NaN	286	NaN	NaN
sctc_E2R3_55m_I2_STL1	CTT1_CY5	CTT1_E2R3_55min	52	NaN	NaN	121	NaN	NaN
sctc_E2R3_55m_I2_CTT1	STL1_TMR	STL1_E2R3_55min	88	NaN	NaN	279	NaN	NaN
sctc_E2R3_55m_I3_STL1	CTT1_CY5	CTT1_E2R3_55min	55	NaN	NaN	147	NaN	NaN
sctc_E2R3_55m_I3_CTT1	STL1_TMR	STL1_E2R3_55min	81	NaN	NaN	300	NaN	NaN
sctc_E2R3_55m_I4_STL1	CTT1_CY5	CTT1_E2R3_55min	53	NaN	NaN	136	NaN	NaN
sctc_E2R3_55m_I4_CTT1	STL1_TMR	STL1_E2R3_55min	81	NaN	NaN	159	NaN	NaN
sctc_E2R3_6m_I1_STL1	CTT1_CY5	CTT1_E2R3_06min	64	NaN	NaN	124	NaN	NaN
sctc_E2R3_6m_I1_CTT1	STL1_TMR	STL1_E2R3_06min	74	NaN	NaN	170	NaN	NaN
sctc_E2R3_6m_I2_STL1	CTT1_CY5	CTT1_E2R3_06min	55	NaN	NaN	125	NaN	NaN
sctc_E2R3_6m_I2_CTT1	STL1_TMR	STL1_E2R3_06min	78	NaN	NaN	190	NaN	NaN
sctc_E2R3_6m_I3_STL1	CTT1_CY5	CTT1_E2R3_06min	57	NaN	NaN	106	NaN	NaN
sctc_E2R3_6m_I3_CTT1	STL1_TMR	STL1_E2R3_06min	71	NaN	NaN	136	NaN	NaN
sctc_E2R3_6m_I4_STL1	CTT1_CY5	CTT1_E2R3_06min	73	NaN	NaN	113	NaN	NaN
sctc_E2R3_6m_I4_CTT1	STL1_TMR	STL1_E2R3_06min	68	NaN	NaN	154	NaN	NaN
sctc_E2R3_8m_I1_STL1	CTT1_CY5	CTT1_E2R3_08min	60	NaN	NaN	119	NaN	NaN
sctc_E2R3_8m_I1_CTT1	STL1_TMR	STL1_E2R3_08min	83	NaN	NaN	483	NaN	NaN
sctc_E2R3_8m_I2_STL1	CTT1_CY5	CTT1_E2R3_08min	54	NaN	NaN	105	NaN	NaN
sctc_E2R3_8m_I2_CTT1	STL1_TMR	STL1_E2R3_08min	69	NaN	NaN	117	NaN	NaN
sctc_E2R3_8m_I3_STL1	CTT1_CY5	CTT1_E2R3_08min	54	NaN	NaN	113	NaN	NaN
sctc_E2R3_8m_I3_CTT1	STL1_TMR	STL1_E2R3_08min	66	NaN	NaN	170	NaN	NaN
sctc_E2R3_8m_I4_STL1	CTT1_CY5	CTT1_E2R3_08min	64	NaN	NaN	103	NaN	NaN
sctc_E2R3_8m_I4_CTT1	STL1_TMR	STL1_E2R3_08min	70	NaN	NaN	154	NaN	NaN
sctc_E2R3_8m_I5_STL1	CTT1_CY5	CTT1_E2R3_08min	60	NaN	NaN	76	NaN	NaN
sctc_E2R3_8m_I5_CTT1	STL1_TMR	STL1_E2R3_08min	78	NaN	NaN	126	NaN	NaN
rsfish_celegans	Preibisch_celegans	Preibisch_celegans	221	NaN	NaN	145	NaN	NaN
